OBJECTID;Area;Funzionante;VIA___P_zza___Corso;Indirizzo;Civico;Città;CAP;MUNICIPIO;ID_NIL;NIL;LONG_X_4326;LAT_Y_4326;Location
1;Piazza San Gioachimo;SI;Via;Viviani;2;MILANO;20124;2;10;STAZIONE CENTRALE - PONTE SEVESO;9.197790000000055;45.48121000000003;(45.48121000000003, 9.197790000000055)
2;Lagosta;SI;Viale;Zara;2;MILANO;20124;2;11;ISOLA;9.191550000000063;45.48994000000005;(45.48994000000005, 9.191550000000063)
9;Piazzale Segrino;SI;Piazzale;Segrino;2;MILANO;20159;9;11;ISOLA;9.18930000000006;45.49010000000004;(45.49010000000004, 9.18930000000006)
10;Via G.B. Pirelli;SI;Via;del Borromeo;;MILANO;20124;9;9;PORTA GARIBALDI - PORTA NUOVA;9.196070000000077;45.48522000000003;(45.48522000000003, 9.196070000000077)
15;G.ni Montello;SI;Viale;Montello;8;MILANO;20154;1;69;SARPI;9.181210000000021;45.48093000000006;(45.48093000000006, 9.181210000000021)
16;Bastioni Porta Volta;SI;Bastioni;di Porta Volta;3;MILANO;20121;1;2;BRERA;9.182250000000067;45.48050000000006;(45.48050000000006, 9.182250000000067)
17;Bastioni Porta Volta;SI;Via;Francesco Crispi;15;MILANO;20154;1;2;BRERA;9.183660000000032;45.48136000000005;(45.48136000000005, 9.183660000000032)
18;Bastioni Porta Volta;SI;Via ;Alessandro Volta;20;MILANO;20121;1;69;SARPI;9.18214000000006;45.48133000000007;(45.48133000000007, 9.18214000000006)
19;Viale Pasubio;SI;Viale;Pasubio;1;MILANO;20154;9;9;PORTA GARIBALDI - PORTA NUOVA;9.186110000000042;45.48120000000006;(45.48120000000006, 9.186110000000042)
20;Corso Como;SI;Corso;Como;11;MILANO;20154;9;9;PORTA GARIBALDI - PORTA NUOVA;9.187350000000038;45.482300000000066;(45.482300000000066, 9.187350000000038)
21;G.ni Populonia;SI;Via;Populonia;4;MILANO;20159;9;12;MACIACHINI - MAGGIOLINA;9.18912000000006;45.50098000000003;(45.50098000000003, 9.18912000000006)
22;G.ni Populonia;SI;Via;Valassina;35;MILANO;20159;9;12;MACIACHINI - MAGGIOLINA;9.18817000000007;45.50115000000005;(45.50115000000005, 9.18817000000007)
23;Piazzale Nizza;SI;Piazzale;Nizza;;MILANO;20159;9;12;MACIACHINI - MAGGIOLINA;9.18903000000006;45.50368000000003;(45.50368000000003, 9.18903000000006)
24;G.ni Veglia+Asmara;SI;Via;Veglia;78;MILANO;20159;9;12;MACIACHINI - MAGGIOLINA;9.19605000000007;45.50222000000008;(45.50222000000008, 9.19605000000007)
25;G.ni Veglia+Asmara;SI;Via;Fiuggi;2;MILANO;20159;9;12;MACIACHINI - MAGGIOLINA;9.195720000000051;45.50350000000003;(45.50350000000003, 9.195720000000051)
26;G.ni Veglia+Asmara;SI;Via;Trescore;15;MILANO;20159;9;12;MACIACHINI - MAGGIOLINA;9.194590000000062;45.50225000000006;(45.50225000000006, 9.194590000000062)
27;G.ni Veglia+Asmara;SI;Via;Asmara;2;MILANO;20159;9;12;MACIACHINI - MAGGIOLINA;9.194510000000037;45.500470000000064;(45.500470000000064, 9.194510000000037)
28;P.le Ospedale Maggiore;SI;Piazza;dell'Ospedale Maggiore;3;MILANO;20162;9;14;NIGUARDA - CA' GRANDA - PRATO CENTENARO - Q.RE FULVIO TESTI;9.19055000000003;45.50860000000006;(45.50860000000006, 9.19055000000003)
32;Graziano Imperatore 40;SI;Via;Ettore Majorana;;MILANO;20162;9;14;NIGUARDA - CA' GRANDA - PRATO CENTENARO - Q.RE FULVIO TESTI;9.193340000000035;45.51315000000005;(45.51315000000005, 9.193340000000035)
33;Piazza Carbonari;SI;Piazza;Massari;;MILANO;20125;2;12;MACIACHINI - MAGGIOLINA;9.198220000000049;45.49526000000003;(45.49526000000003, 9.198220000000049)
34;Piazza Carbonari;SI;Piazza;Carbonari;;MILANO;20125;2;12;MACIACHINI - MAGGIOLINA;9.20148000000006;45.49424000000005;(45.49424000000005, 9.20148000000006)
35;Piazza Carbonari;SI;Piazza;Carbonari;;MILANO;20125;2;12;MACIACHINI - MAGGIOLINA;9.199840000000052;45.49485000000004;(45.49485000000004, 9.199840000000052)
36;Piazza Carbonari;SI;Piazza;Massari;;MILANO;20125;2;12;MACIACHINI - MAGGIOLINA;9.197840000000042;45.496020000000044;(45.496020000000044, 9.197840000000042)
37;Piazza Carbonari;SI;Piazza;Carbonari;;MILANO;20125;2;12;MACIACHINI - MAGGIOLINA;9.200420000000065;45.49294000000003;(45.49294000000003, 9.200420000000065)
38;Piazza Carbonari;SI;Piazza;Carbonari;;MILANO;20125;2;12;MACIACHINI - MAGGIOLINA;9.199130000000025;45.49315000000007;(45.49315000000007, 9.199130000000025)
39;Piazzale Farina;SI;Piazzale;Farina;13;MILANO;20125;2;12;MACIACHINI - MAGGIOLINA;9.199490000000026;45.49824000000007;(45.49824000000007, 9.199490000000026)
40;Via Perotti Comando PS;SI;Via;Perotti;1;MILANO;20125;2;12;MACIACHINI - MAGGIOLINA;9.200560000000053;45.50166000000007;(45.50166000000007, 9.200560000000053)
41;G.ni Cassina de Pomm;SI;Via;Tirano;;MILANO;20125;2;13;GRECO - SEGNANO;9.20909000000006;45.49757000000005;(45.49757000000005, 9.20909000000006)
42;G.ni Cassina de Pomm;SI;Via;Tirano;;MILANO;20125;2;13;GRECO - SEGNANO;9.210080000000062;45.49775000000005;(45.49775000000005, 9.210080000000062)
43;P.zzale Egeo + Greco FS;SI;Piazzale;Egeo;9;MILANO;20126;9;15;BICOCCA;9.214020000000062;45.51340000000005;(45.51340000000005, 9.214020000000062)
44;Viale dell'Innovazione;SI;Viale;dell'Innovazione;11;MILANO;20126;9;15;BICOCCA;9.213090000000022;45.51506000000006;(45.51506000000006, 9.213090000000022)
45;Viale dell'Innovazione;SI;Viale;dell'Innovazione;20;MILANO;20126;9;15;BICOCCA;9.212870000000066;45.51440000000008;(45.51440000000008, 9.212870000000066)
46;Viale dell'Innovazione;SI;Viale;dell'Innovazione;;MILANO;20126;9;15;BICOCCA;9.213820000000055;45.51643000000007;(45.51643000000007, 9.213820000000055)
47;Bignami CTO;SI;Via;Bignami;6;MILANO;20126;9;15;BICOCCA;9.213640000000055;45.526050000000055;(45.526050000000055, 9.213640000000055)
48;Via Ponale/Suzzani;SI;Via;Raffaello Giolli;1;MILANO;20162;9;14;NIGUARDA - CA' GRANDA - PRATO CENTENARO - Q.RE FULVIO TESTI;9.209390000000042;45.523810000000026;(45.523810000000026, 9.209390000000042)
49;Via Ponale/Suzzani;SI;Via;Raffaello Giolli;9;MILANO;20162;9;14;NIGUARDA - CA' GRANDA - PRATO CENTENARO - Q.RE FULVIO TESTI;9.210200000000043;45.525010000000066;(45.525010000000066, 9.210200000000043)
50;Giardini Suzzani/Arezzo;SI;Viale ;Suzzani;264;MILANO;20162;9;14;NIGUARDA - CA' GRANDA - PRATO CENTENARO - Q.RE FULVIO TESTI;9.208570000000066;45.525360000000035;(45.525360000000035, 9.208570000000066)
51;Giardini Suzzani/Arezzo;SI;Viale ;Suzzani;279;MILANO;20162;9;14;NIGUARDA - CA' GRANDA - PRATO CENTENARO - Q.RE FULVIO TESTI;9.209220000000073;45.52652000000006;(45.52652000000006, 9.209220000000073)
52;Via Ornato;SI;Via;Luigi Ornato;145;MILANO;20162;9;14;NIGUARDA - CA' GRANDA - PRATO CENTENARO - Q.RE FULVIO TESTI;9.192260000000033;45.52547000000004;(45.52547000000004, 9.192260000000033)
53;Acerbi/Bruzzano;SI;Piazza;Bruzzano;8;MILANO;20161;9;83;BRUZZANO;9.17381000000006;45.52733000000006;(45.52733000000006, 9.17381000000006)
57;Sesto Marelli MM;SI;Viale;Monza;338;MILANO;20128;2;16;GORLA - PRECOTTO;9.22783000000004;45.522830000000056;(45.522830000000056, 9.22783000000004)
58;Parco Panza;SI;Via;Sant'Uguzzone;42;MILANO;20126;2;16;GORLA - PRECOTTO;9.222100000000069;45.52126000000004;(45.52126000000004, 9.222100000000069)
59;Parco Panza;SI;Via;Sant'Uguzzone;29;MILANO;20126;2;16;GORLA - PRECOTTO;9.22327000000007;45.521060000000034;(45.521060000000034, 9.22327000000007)
60;Parco Panza;SI;Via;Fortezza;40;MILANO;20126;2;16;GORLA - PRECOTTO;9.223910000000046;45.52198000000004;(45.52198000000004, 9.223910000000046)
61;Parco Franca Rame;SI;Via;Tremelloni;;MILANO;20128;2;17;ADRIANO;9.239210000000071;45.51621000000006;(45.51621000000006, 9.239210000000071)
62;Parco Franca Rame;SI;Via;Tognazzi;;MILANO;20128;2;17;ADRIANO;9.241350000000068;45.515190000000075;(45.515190000000075, 9.241350000000068)
63;Parco Franca Rame;SI;Via;Gasman;;MILANO;20128;2;17;ADRIANO;9.236260000000073;45.51424000000003;(45.51424000000003, 9.236260000000073)
64;Parco Franca Rame;SI;Via;Gasman;;MILANO;20128;2;17;ADRIANO;9.238930000000039;45.51413000000008;(45.51413000000008, 9.238930000000039)
65;Monza/Precotto;SI;Viale;Monza;170;MILANO;20128;2;16;GORLA - PRECOTTO;9.223570000000052;45.50863000000004;(45.50863000000004, 9.223570000000052)
66;P.zza Gorla + P.zzale Martesana;SI;Piazzale;Martesana;;MILANO;20128;2;16;GORLA - PRECOTTO;9.224960000000067;45.50852000000003;(45.50852000000003, 9.224960000000067)
67;Via Ranzato/Apelle;SI;Via;Apelle;38;MILANO;20128;2;16;GORLA - PRECOTTO;9.226830000000064;45.50868000000003;(45.50868000000003, 9.226830000000064)
68;P.zza Gorla + P.zzale Martesana;SI;Viale;Monza;142;MILANO;20127;2;16;GORLA - PRECOTTO;9.222260000000063;45.50428000000005;(45.50428000000005, 9.222260000000063)
75;G.ni dei Transiti;SI;Via;dei Transiti;28;MILANO;20127;2;20;LORETO - CASORETTO - NOLO;9.218520000000069;45.491250000000036;(45.491250000000036, 9.218520000000069)
76;Via Schiaparelli (PS);SI;Via;Schiaparelli;9;MILANO;20125;2;10;STAZIONE CENTRALE - PONTE SEVESO;9.204150000000027;45.49022000000008;(45.49022000000008, 9.204150000000027)
77;Piazza Caiazzo;SI;Piazza;Caiazzo;;MILANO;20124;2;10;STAZIONE CENTRALE - PONTE SEVESO;9.209260000000029;45.485190000000046;(45.485190000000046, 9.209260000000029)
78;Stazione Centrale;SI;Piazza;Duca D'Aosta;16;MILANO;20125;2;10;STAZIONE CENTRALE - PONTE SEVESO;9.204920000000072;45.48452000000003;(45.48452000000003, 9.204920000000072)
79;Parco Farini/Marche;SI;Viale;Marche;99;MILANO;20159;9;11;ISOLA;9.187600000000032;45.49685000000005;(45.49685000000005, 9.187600000000032)
80;Via Imbonati;SI;Via ;Carlo Imbonati;33;MILANO;20159;9;79;DERGANO;9.182860000000062;45.50091000000003;(45.50091000000003, 9.182860000000062)
83;Piazzale Lugano;SI;Piazzale;Lugano;9;MILANO;20158;9;78;FARINI;9.164820000000077;45.498140000000035;(45.498140000000035, 9.164820000000077)
84;Piazza Bausan;SI;Piazza;Bausan;8;MILANO;20158;9;77;BOVISA;9.16566000000006;45.50247000000007;(45.50247000000007, 9.16566000000006)
85;Piazza Bausan;SI;Piazza;Bausan;;MILANO;20158;9;77;BOVISA;9.165300000000059;45.50218000000007;(45.50218000000007, 9.165300000000059)
86;Piazza Schiavone;SI;Piazza;Schiavone;;MILANO;20158;9;77;BOVISA;9.164370000000076;45.49995000000007;(45.49995000000007, 9.164370000000076)
87;Piazza Schiavone;SI;Via;Benedetto Varchi;1;MILANO;20158;9;77;BOVISA;9.164990000000046;45.49966000000006;(45.49966000000006, 9.164990000000046)
88;Piazza Schiavone;SI;Piazza;Schiavone;21;MILANO;20158;9;77;BOVISA;9.164560000000051;45.50022000000007;(45.50022000000007, 9.164560000000051)
89;Piazza Alfieri;SI;Piazza;Alfieri;;MILANO;20158;9;77;BOVISA;9.16068000000007;45.503220000000056;(45.503220000000056, 9.16068000000007)
90;Don Giovanni Minzoni;SI;Via;Don Giovanni Minzoni;4;MILANO;20158;9;77;BOVISA;9.169170000000065;45.504860000000065;(45.504860000000065, 9.169170000000065)
91;Don Giovanni Minzoni;SI;Via;Don Giovanni Minzoni;11;MILANO;20158;9;77;BOVISA;9.168620000000033;45.50589000000008;(45.50589000000008, 9.168620000000033)
92;Parco Trevi;SI;Parco ;Trevi;;MILANO;20161;9;80;AFFORI;9.181370000000072;45.50673000000006;(45.50673000000006, 9.181370000000072)
93;Parco Trevi;SI;Parco ;Trevi;;MILANO;20161;9;80;AFFORI;9.18085000000002;45.506710000000055;(45.506710000000055, 9.18085000000002)
94;Villa Litta;SI;Parco ;Villa Litta;;MILANO;20161;9;80;AFFORI;9.167160000000024;45.51709000000005;(45.51709000000005, 9.167160000000024)
95;Villa Litta;SI;Parco ;Villa Litta;;MILANO;20161;9;80;AFFORI;9.166635000000042;45.51619000000005;(45.51619000000005, 9.166635000000042)
96;Villa Litta;SI;Parco ;Villa Litta;;MILANO;20161;9;80;AFFORI;9.166850000000068;45.51518000000004;(45.51518000000004, 9.166850000000068)
97;Villa Litta;SI;Parco ;Villa Litta;;MILANO;20161;9;80;AFFORI;9.166670000000067;45.51746000000003;(45.51746000000003, 9.166670000000067)
98;Villa Litta;SI;Parco ;Villa Litta;;MILANO;20161;9;80;AFFORI;9.165040000000033;45.515750000000025;(45.515750000000025, 9.165040000000033)
99;Villa Litta;SI;Parco ;Villa Litta;;MILANO;20161;9;80;AFFORI;9.166850000000068;45.51518000000004;(45.51518000000004, 9.166850000000068)
101;Giardini Ippocrate;SI;Via;Ciccotti;;MILANO;20161;9;81;BOVISASCA;9.164560000000051;45.52176000000003;(45.52176000000003, 9.164560000000051)
102;Comasina;SI;Via;Comasina;76;MILANO;20161;9;83;BRUZZANO;9.163430000000062;45.52860000000004;(45.52860000000004, 9.163430000000062)
103;Camaldoli/Vittorini;SI;Via;Vittorini;16;MILANO;20138;4;31;MONLUE' - PONTE LAMBRO;9.263080000000059;45.44465000000008;(45.44465000000008, 9.263080000000059)
104;Camaldoli/Vittorini;SI;Via;Vittorini;32;MILANO;20138;4;31;MONLUE' - PONTE LAMBRO;9.264490000000023;45.44456000000008;(45.44456000000008, 9.264490000000023)
105;Q.re Ponte Lambro;SI;Via;Ucelli di Nemi;1;MILANO;20138;4;31;MONLUE' - PONTE LAMBRO;9.264120000000048;45.442900000000066;(45.442900000000066, 9.264120000000048)
106;Q.re Ponte Lambro;SI;Via ;Rilke;6;MILANO;20138;4;31;MONLUE' - PONTE LAMBRO;9.264970000000062;45.437830000000076;(45.437830000000076, 9.264970000000062)
107;Parco Trapezio;SI;Parco ;Trapezio;;MILANO;20138;4;33;ROGOREDO - SANTA GIULIA;9.245120000000043;45.43672000000004;(45.43672000000004, 9.245120000000043)
108;Parco Trapezio;SI;Parco ;Trapezio;;MILANO;20138;4;33;ROGOREDO - SANTA GIULIA;9.242270000000076;45.435640000000035;(45.435640000000035, 9.242270000000076)
109;Parco Trapezio;SI;Parco ;Trapezio;;MILANO;20138;4;33;ROGOREDO - SANTA GIULIA;9.243600000000072;45.43664000000007;(45.43664000000007, 9.243600000000072)
110;Via Mondolfo/Ungheria;SI;Via;Mondolfo;;MILANO;20138;4;30;TALIEDO - MORSENCHIO - Q.RE FORLANINI;9.254200000000026;45.44668000000007;(45.44668000000007, 9.254200000000026)
111;Via Mondolfo/Ungheria;SI;Via;Mondolfo;;MILANO;20138;4;30;TALIEDO - MORSENCHIO - Q.RE FORLANINI;9.251780000000053;45.448570000000075;(45.448570000000075, 9.251780000000053)
112;Via Mondolfo/Ungheria;SI;Via;Mondolfo;;MILANO;20138;4;30;TALIEDO - MORSENCHIO - Q.RE FORLANINI;9.252820000000042;45.44780000000003;(45.44780000000003, 9.252820000000042)
113;Parco Galli;SI;Via;Salomone;13;MILANO;20138;4;30;TALIEDO - MORSENCHIO - Q.RE FORLANINI;9.241430000000037;45.45532000000003;(45.45532000000003, 9.241430000000037)
114;Parco Galli;SI;Via;Salomone;7;MILANO;20138;4;30;TALIEDO - MORSENCHIO - Q.RE FORLANINI;9.241450000000043;45.45596000000006;(45.45596000000006, 9.241450000000043)
115;Parco Galli;SI;Via;Numidia;;MILANO;20138;4;30;TALIEDO - MORSENCHIO - Q.RE FORLANINI;9.238950000000045;45.45614000000006;(45.45614000000006, 9.238950000000045)
116;Via Zama ;SI;Via;Zama;11;MILANO;20138;4;30;TALIEDO - MORSENCHIO - Q.RE FORLANINI;9.238260000000025;45.45476000000008;(45.45476000000008, 9.238260000000025)
117;Piazza Ovidio;SI;Via;Bruto;;MILANO;20138;4;30;TALIEDO - MORSENCHIO - Q.RE FORLANINI;9.240980000000036;45.45518000000004;(45.45518000000004, 9.240980000000036)
118;Piazza Ovidio;SI;Via;Bruto;;MILANO;20138;4;30;TALIEDO - MORSENCHIO - Q.RE FORLANINI;9.241820000000075;45.45756000000006;(45.45756000000006, 9.241820000000075)
122;Alzaia Pavese - Ex Fornace;SI;Via ;Alzaia Naviglio Pavese ;16;MILANO;20143;6;44;PORTA TICINESE - CONCHETTA;9.17751000000004;45.449970000000064;(45.449970000000064, 9.17751000000004)
123;Papiniano;SI;Viale;Papiniano;49;MILANO;20123;1;7;MAGENTA - S. VITTORE;9.17118000000005;45.45732000000004;(45.45732000000004, 9.17118000000005)
124;Papiniano;SI;Viale;Papiniano;28;MILANO;20123;1;7;MAGENTA - S. VITTORE;9.168210000000045;45.459070000000054;(45.459070000000054, 9.168210000000045)
125;Papiniano;SI;Viale;Papiniano;57;MILANO;20123;1;7;MAGENTA - S. VITTORE;9.172650000000033;45.456660000000056;(45.456660000000056, 9.172650000000033)
126;Piazza Sant'Agostino;SI;Piazza;Sant'Agostino;22;MILANO;20123;1;7;MAGENTA - S. VITTORE;9.169730000000072;45.45871000000005;(45.45871000000005, 9.169730000000072)
127;Argelati 40/44;SI;Via ;Barsanti;;MILANO;20143;6;44;PORTA TICINESE - CONCHETTA;9.166770000000042;45.448920000000044;(45.448920000000044, 9.166770000000042)
128;Argelati 40/44;SI;Via ;Torre;9;MILANO;20143;6;44;PORTA TICINESE - CONCHETTA;9.166540000000055;45.44717000000003;(45.44717000000003, 9.166540000000055)
129;Argelati 40/44;SI;Via ;Argelati;;MILANO;20143;6;44;PORTA TICINESE - CONCHETTA;9.167980000000057;45.447940000000074;(45.447940000000074, 9.167980000000057)
131;Concilio Vaticano II;SI;Via;Concilio Vaticano II;4;MILANO;20157;8;76;QUARTO OGGIARO - VIALBA - MUSOCCO;9.148920000000032;45.51332000000008;(45.51332000000008, 9.148920000000032)
132;G.ni e Park Via Fabrizi;SI;Via ;Nicola Fabrizi;;MILANO;20157;8;76;QUARTO OGGIARO - VIALBA - MUSOCCO;9.132010000000037;45.510590000000036;(45.510590000000036, 9.132010000000037)
133;G.ni e Park Via Fabrizi;SI;Via ;Nicola Fabrizi;;MILANO;20157;8;76;QUARTO OGGIARO - VIALBA - MUSOCCO;9.13172000000003;45.51015000000007;(45.51015000000007, 9.13172000000003)
134;Piazza Roserio;SI;Piazza;Roserio;;MILANO;20157;8;74;ROSERIO;9.119680000000074;45.51736000000005;(45.51736000000005, 9.119680000000074)
135;Stazione Passante Certosa;SI;Via ;Fattori;;MILANO;20157;8;76;QUARTO OGGIARO - VIALBA - MUSOCCO;9.136310000000037;45.50789000000003;(45.50789000000003, 9.136310000000037)
136;Stazione Passante Certosa;SI;Via;Fattori;;MILANO;20157;8;76;QUARTO OGGIARO - VIALBA - MUSOCCO;9.13539000000003;45.50742000000008;(45.50742000000008, 9.13539000000003)
137;Stazione Passante Certosa;SI;Via;Palizzi;109;MILANO;20157;8;76;QUARTO OGGIARO - VIALBA - MUSOCCO;9.134780000000035;45.508440000000064;(45.508440000000064, 9.134780000000035)
138;Villa Pizzone/Marcello;SI;Via;Console Marcello;28;MILANO;20156;8;71;VILLAPIZZONE - CAGNOLA - BOLDINASCO;9.145650000000046;45.50120000000004;(45.50120000000004, 9.145650000000046)
139;Villa Pizzone/Marcello;SI;Via;Villapizzone;11;MILANO;20156;8;71;VILLAPIZZONE - CAGNOLA - BOLDINASCO;9.147290000000055;45.50149000000005;(45.50149000000005, 9.147290000000055)
140;Villa Pizzone/Marcello;SI;Piazza;Villapizzone;;MILANO;20156;8;71;VILLAPIZZONE - CAGNOLA - BOLDINASCO;9.148430000000076;45.50153000000006;(45.50153000000006, 9.148430000000076)
141;Parco Testori;SI;Via;dei Frassini;37;MILANO;20156;8;71;VILLAPIZZONE - CAGNOLA - BOLDINASCO;9.152920000000051;45.49887000000007;(45.49887000000007, 9.152920000000051)
143;Parco Testori;SI;Via;delle Quercie;;MILANO;20156;8;71;VILLAPIZZONE - CAGNOLA - BOLDINASCO;9.155030000000068;45.498140000000035;(45.498140000000035, 9.155030000000068)
145;Piazza Prealpi;SI;Piazza;Prealpi;7;MILANO;20155;8;71;VILLAPIZZONE - CAGNOLA - BOLDINASCO;9.152420000000063;45.49451000000005;(45.49451000000005, 9.152420000000063)
146;Piazza Prealpi;SI;Piazza;Prealpi;4;MILANO;20155;8;71;VILLAPIZZONE - CAGNOLA - BOLDINASCO;9.153410000000065;45.495220000000074;(45.495220000000074, 9.153410000000065)
149;Fauchè;SI;Piazza;Caneva;1;MILANO;20154;8;69;SARPI;9.162050000000022;45.487370000000055;(45.487370000000055, 9.162050000000022)
150;Fauchè;SI;Via ;Losanna;15;MILANO;20154;8;69;SARPI;9.163700000000063;45.48598000000004;(45.48598000000004, 9.163700000000063)
151;Fauchè;SI;Piazza;Gerusalemme;2;MILANO;20154;8;69;SARPI;9.166340000000048;45.48416000000003;(45.48416000000003, 9.166340000000048)
152;Via Castelvetro;SI;Via;Castelvetro;33;MILANO;20154;8;69;SARPI;9.167190000000062;45.48636000000005;(45.48636000000005, 9.167190000000062)
153;Via Castelvetro;SI;Via;Castelvetro;25;MILANO;20154;8;69;SARPI;9.166070000000047;45.485970000000066;(45.485970000000066, 9.166070000000047)
159;Ortica;SI;Via;Amadeo;62;MILANO;20134;3;23;LAMBRATE - ORTICA;9.240560000000073;45.470830000000035;(45.470830000000035, 9.240560000000073)
160;Ortica;SI;Via;Amadeo;79;MILANO;20134;3;23;LAMBRATE - ORTICA;9.241360000000043;45.47091000000006;(45.47091000000006, 9.241360000000043)
161;Largo Murani;SI;Largo;Oreste Murani;2;MILANO;20133;3;22;CITTA' STUDI;9.235070000000064;45.47312000000005;(45.47312000000005, 9.235070000000064)
162;Piazza Rimembranze;SI;Piazza ;Rimembranze di Lambrate;;MILANO;20134;3;23;LAMBRATE - ORTICA;9.241790000000037;45.48228000000006;(45.48228000000006, 9.241790000000037)
163;P.zza Gobetti - Bottini;SI;Piazza;Bottini;20131;MILANO;20133;3;22;CITTA' STUDI;9.236240000000066;45.48478000000006;(45.48478000000006, 9.236240000000066)
164;P.zza Gobetti - Bottini;SI;Via;Salieri Antonio ;6;MILANO;20133;3;22;CITTA' STUDI;9.235810000000072;45.48518000000007;(45.48518000000007, 9.235810000000072)
165;P.zza Gobetti - Bottini;SI;Piazza;Bottini;;MILANO;20133;3;22;CITTA' STUDI;9.236830000000054;45.484300000000076;(45.484300000000076, 9.236830000000054)
166;P.zza Gobetti - Bottini;SI;Piazza;Gobetti;8;MILANO;20131;3;22;CITTA' STUDI;9.233160000000055;45.48502000000008;(45.48502000000008, 9.233160000000055)
167;Via Pacini;SI;Via;Pacini;70;MILANO;20131;3;22;CITTA' STUDI;9.234960000000058;45.48419000000007;(45.48419000000007, 9.234960000000058)
168;Piazza Piola;SI;Piazza;Piola;;MILANO;20131;3;22;CITTA' STUDI;9.22443000000004;45.48064000000005;(45.48064000000005, 9.22443000000004)
169;Piazza Aspromonte;SI;Piazza;Aspromonte;7;MILANO;20131;3;21;BUENOS AIRES - PORTA VENEZIA - PORTA MONFORTE;9.220710000000054;45.48350000000005;(45.48350000000005, 9.220710000000054)
170;Piazza Aspromonte;SI;Piazza;Aspromonte;20;MILANO;20131;3;21;BUENOS AIRES - PORTA VENEZIA - PORTA MONFORTE;9.221010000000035;45.484020000000044;(45.484020000000044, 9.221010000000035)
171;Piazza Aspromonte;SI;Piazza;Aspromonte;17;MILANO;20131;3;21;BUENOS AIRES - PORTA VENEZIA - PORTA MONFORTE;9.219640000000027;45.48336000000006;(45.48336000000006, 9.219640000000027)
172;Piazza Aspromonte;SI;Piazza;Aspromonte;45;MILANO;20131;3;21;BUENOS AIRES - PORTA VENEZIA - PORTA MONFORTE;9.219900000000052;45.48380000000003;(45.48380000000003, 9.219900000000052)
174;Via Saldini - Università;SI;Via;Botticelli;18;MILANO;20133;3;22;CITTA' STUDI;9.227440000000058;45.47347000000008;(45.47347000000008, 9.227440000000058)
178;Forlanini/Repetti;SI;Viale;Forlanini;;MILANO;20134;4;24;PARCO FORLANINI - CAVRIANO;9.239080000000058;45.46217000000007;(45.46217000000007, 9.239080000000058)
179;Corsica/Negroli;SI;Viale;Corsica;73;MILANO;20137;4;25;CORSICA;9.232650000000035;45.46213000000006;(45.46213000000006, 9.232650000000035)
180;Via Lomellina;SI;Via;Lomellina;33;MILANO;20133;4;25;CORSICA;9.230070000000069;45.46590000000003;(45.46590000000003, 9.230070000000069)
183;Piazzale Susa;SI;Piazzale;Susa;;MILANO;20133;3;21;BUENOS AIRES - PORTA VENEZIA - PORTA MONFORTE;9.22371000000004;45.46876000000003;(45.46876000000003, 9.22371000000004)
184;Piazzale Susa;SI;Piazzale;Susa;;MILANO;20133;3;22;CITTA' STUDI;9.224810000000048;45.46851000000004;(45.46851000000004, 9.224810000000048)
185;Piazzale Susa;SI;Piazzale;Susa;;MILANO;20133;3;21;BUENOS AIRES - PORTA VENEZIA - PORTA MONFORTE;9.222680000000025;45.46825000000007;(45.46825000000007, 9.222680000000025)
186;Piazzale Susa;SI;Piazzale;Susa;;MILANO;20133;4;25;CORSICA;9.223910000000046;45.46765000000005;(45.46765000000005, 9.223910000000046)
187;Via Vanvitelli Univ.;SI;Piazza;Aspari;5;MILANO;20129;3;21;BUENOS AIRES - PORTA VENEZIA - PORTA MONFORTE;9.221240000000023;45.47198000000003;(45.47198000000003, 9.221240000000023)
188;Piazza Risorgimento;SI;Piazza;Risorgimento;;MILANO;20129;3;21;BUENOS AIRES - PORTA VENEZIA - PORTA MONFORTE;9.210290000000043;45.46824000000004;(45.46824000000004, 9.210290000000043)
189;Piazza Risorgimento;SI;Piazza;Risorgimento;;MILANO;20129;3;21;BUENOS AIRES - PORTA VENEZIA - PORTA MONFORTE;9.210980000000063;45.46834000000007;(45.46834000000007, 9.210980000000063)
192;Kramer Università;SI;Via ;Kramer;2;MILANO;20129;3;21;BUENOS AIRES - PORTA VENEZIA - PORTA MONFORTE;9.208540000000028;45.46825000000007;(45.46825000000007, 9.208540000000028)
193;Parco Museo Fumetto;SI;Viale;Campania;17;MILANO;20133;4;26;XXII MARZO;9.223670000000027;45.463820000000055;(45.463820000000055, 9.223670000000027)
196;Area Portello;SI;Viale;Renato Serra;;MILANO;20149;8;71;VILLAPIZZONE - CAGNOLA - BOLDINASCO;9.147280000000023;45.48757000000006;(45.48757000000006, 9.147280000000023)
198;Piscina Lido;SI;Piazzale;Lorenzo Lotto;15;MILANO;20148;8;66;QT 8;9.142030000000034;45.48069000000004;(45.48069000000004, 9.142030000000034)
199;Piscina Lido;SI;Piazzale;Lorenzo Lotto;15;MILANO;20148;8;66;QT 8;9.141270000000077;45.48169000000007;(45.48169000000007, 9.141270000000077)
200;Piscina Lido;SI;Piazzale;Lorenzo Lotto;15;MILANO;20148;8;66;QT 8;9.140930000000026;45.48208000000005;(45.48208000000005, 9.140930000000026)
202;Lampugnano;SI;Via;Giulio Natta;10;MILANO;20151;8;65;Q.RE GALLARATESE - Q.RE SAN LEONARDO - LAMPUGNANO;9.12689000000006;45.48947000000004;(45.48947000000004, 9.12689000000006)
203;Lampugnano;SI;Via;Giulio Natta;10;MILANO;20151;8;65;Q.RE GALLARATESE - Q.RE SAN LEONARDO - LAMPUGNANO;9.12743000000006;45.48962000000006;(45.48962000000006, 9.12743000000006)
204;Certosa di Garegnano;SI;Via ;Garegnano;28;MILANO;20156;8;72;MAGGIORE - MUSOCCO - CERTOSA;9.128620000000069;45.502350000000035;(45.502350000000035, 9.128620000000069)
205;P.zzale Cimitero Maggiore;SI;Piazzale;Cimitero Maggiore;17;MILANO;20156;8;72;MAGGIORE - MUSOCCO - CERTOSA;9.121480000000076;45.504200000000026;(45.504200000000026, 9.121480000000076)
206;P.zzale Cimitero Maggiore;SI;Piazzale;Cimitero Maggiore;17;MILANO;20151;8;72;MAGGIORE - MUSOCCO - CERTOSA;9.121070000000032;45.502860000000055;(45.502860000000055, 9.121070000000032)
207;Cascina Bellaria;SI;Via ;Cascina Bellaria;90;MILANO;20151;7;88;PARCO BOSCO IN CITTA';9.104700000000037;45.483580000000075;(45.483580000000075, 9.104700000000037)
208;Via Pacifico Arcangeli;SI;Via;Pacifico Acangeli;4;MILANO;20153;7;61;QUARTO CAGNINO;9.112040000000036;45.47488000000004;(45.47488000000004, 9.112040000000036)
210;Via Don Gnocchi;SI;Via ;Don Gnocchi;25;MILANO;20148;7;60;STADIO - IPPODROMI;9.125030000000038;45.472390000000075;(45.472390000000075, 9.125030000000038)
211;Arioli Venegoni;SI;Via ;Alessio Olivieri;28;MILANO;20152;7;56;FORZE ARMATE;9.112840000000062;45.46596000000005;(45.46596000000005, 9.112840000000062)
212;Pzza Olivelli/G.ni Beltrami;SI;Via;Filippo Beltrami;;MILANO;20152;7;56;FORZE ARMATE;9.116290000000049;45.45872000000003;(45.45872000000003, 9.116290000000049)
213;Pzza Olivelli/G.ni Beltrami;SI;Via;Filippo Beltrami;;MILANO;20152;7;56;FORZE ARMATE;9.115210000000047;45.45805000000007;(45.45805000000007, 9.115210000000047)
215;Cascina Linterno;SI;Via;Fratelli Zoia;194;MILANO;20152;7;56;FORZE ARMATE;9.109880000000032;45.46423000000004;(45.46423000000004, 9.109880000000032)
216;Via Fleming;SI;Via;Fleming;13;MILANO;20147;7;56;FORZE ARMATE;9.119050000000072;45.46870000000007;(45.46870000000007, 9.119050000000072)
217;Via Fleming;SI;Via;Fleming;13;MILANO;20147;7;56;FORZE ARMATE;9.119930000000068;45.46857000000006;(45.46857000000006, 9.119930000000068)
218;Piazzale Selinunte;SI;Piazzale;Selinunte;11;MILANO;20148;7;57;SAN SIRO;9.137360000000058;45.472380000000044;(45.472380000000044, 9.137360000000058)
219;Piazzale Selinunte;SI;Piazzale;Selinunte;6;MILANO;20148;7;57;SAN SIRO;9.137880000000052;45.47207000000003;(45.47207000000003, 9.137880000000052)
222;Parco delle Cave;SI;Via;Cancano;;MILANO;20152;7;56;FORZE ARMATE;9.101460000000031;45.46117000000004;(45.46117000000004, 9.101460000000031)
224;Parco delle Cave;SI;Via;Pompeo Marchesi;;MILANO;20153;7;88;PARCO BOSCO IN CITTA';9.099840000000029;45.469610000000046;(45.469610000000046, 9.099840000000029)
225;Parco delle Cave;SI;Via;Caldera;65;MILANO;20153;7;88;PARCO BOSCO IN CITTA';9.097340000000031;45.475430000000074;(45.475430000000074, 9.097340000000031)
227;Via Valsesia;SI;Via;Valsesia;96;MILANO;20152;7;55;BAGGIO - Q.RE DEGLI OLMI - Q.RE VALSESIA;9.094400000000064;45.45563000000004;(45.45563000000004, 9.094400000000064)
228;Via Valsesia;SI;Via;Valsesia;86;MILANO;20152;7;55;BAGGIO - Q.RE DEGLI OLMI - Q.RE VALSESIA;9.092560000000049;45.455910000000074;(45.455910000000074, 9.092560000000049)
229;Via Viterbo;SI;Via;Viterbo;11;MILANO;20152;7;56;FORZE ARMATE;9.109812000000034;45.45641000000006;(45.45641000000006, 9.109812000000034)
230;Via Viterbo;SI;Via;Viterbo;15;MILANO;20152;7;56;FORZE ARMATE;9.109890000000064;45.45660000000004;(45.45660000000004, 9.109890000000064)
231;Via Viterbo;SI;Via;Viterbo;27;MILANO;20152;7;56;FORZE ARMATE;9.10880000000003;45.45620000000008;(45.45620000000008, 9.10880000000003)
232;Via Viterbo;SI;Via;Nikolajevka;;MILANO;20152;7;56;FORZE ARMATE;9.106670000000065;45.456570000000056;(45.456570000000056, 9.106670000000065)
234;Bisceglie/Via Lucca;SI;Via;Lucca;10;MILANO;20152;7;56;FORZE ARMATE;9.113090000000057;45.455730000000074;(45.455730000000074, 9.113090000000057)
237;Molino Dorino;SI;Piazzale;del Molino Dorino;;MILANO;20151;8;65;Q.RE GALLARATESE - Q.RE SAN LEONARDO - LAMPUGNANO;9.09301000000005;45.50501000000003;(45.50501000000003, 9.09301000000005)
238;Piazzetta Via Mosca;SI;Via ;Jemolo;;MILANO;20152;7;54;MUGGIANO;9.068030000000022;45.45053000000007;(45.45053000000007, 9.068030000000022)
239;Piazzetta Via Mosca;SI;Via ;Antonio Mosca;180;MILANO;20152;7;54;MUGGIANO;9.069270000000074;45.450680000000034;(45.450680000000034, 9.069270000000074)
240;Via Muggiano;SI;Via;Muggiano;9;MILANO;20152;7;54;MUGGIANO;9.069810000000075;45.448840000000075;(45.448840000000075, 9.069810000000075)
241;Via degli Ulivi;SI;Via;degli Ulivi;8;MILANO;20152;7;55;BAGGIO - Q.RE DEGLI OLMI - Q.RE VALSESIA;9.078790000000026;45.454300000000046;(45.454300000000046, 9.078790000000026)
242;Via dei Larici;SI;Via;dei Larici;7;MILANO;20152;7;55;BAGGIO - Q.RE DEGLI OLMI - Q.RE VALSESIA;9.083970000000022;45.453460000000064;(45.453460000000064, 9.083970000000022)
244;Parco Berna/Ciclamini;SI;Via;dei Ciclamini;11;MILANO;20147;6;53;LORENTEGGIO;9.127560000000074;45.456710000000044;(45.456710000000044, 9.127560000000074)
245;Parco Berna/Ciclamini;SI;Via;Berna;12;MILANO;20147;7;56;FORZE ARMATE;9.12420000000003;45.45840000000004;(45.45840000000004, 9.12420000000003)
246;Parco Berna/Ciclamini;SI;Via;delle Margherite;;MILANO;20147;6;53;LORENTEGGIO;9.125210000000038;45.45535000000007;(45.45535000000007, 9.125210000000038)
247;Parco Berna/Ciclamini;SI;Via;delle Margherite;;MILANO;20147;6;53;LORENTEGGIO;9.12596000000002;45.45528000000007;(45.45528000000007, 9.12596000000002)
248;Via Zurigo;SI;Via;Zurigo;65;MILANO;20147;7;56;FORZE ARMATE;9.117150000000038;45.456360000000075;(45.456360000000075, 9.117150000000038)
250;Via del Cardellino;SI;Via;del Cardellino;;MILANO;20147;6;53;LORENTEGGIO;9.122450000000072;45.45067000000006;(45.45067000000006, 9.122450000000072)
253;Legioni Romane;SI;Viale;Legioni Romane;56;MILANO;20147;6;56;FORZE ARMATE;9.127330000000029;45.45941000000005;(45.45941000000005, 9.127330000000029)
254;Legioni Romane;SI;Viale;Legioni Romane;59;MILANO;20147;6;56;FORZE ARMATE;9.128480000000025;45.45942000000008;(45.45942000000008, 9.128480000000025)
255;Via Boldini;SI;Via;Boldini;10;MILANO;20147;7;56;FORZE ARMATE;9.126940000000047;45.46076000000005;(45.46076000000005, 9.126940000000047)
256;Via Tonezza;SI;Via;Tonezza;5;MILANO;20147;7;52;BANDE NERE;9.131440000000055;45.462180000000046;(45.462180000000046, 9.131440000000055)
257;Bande Nere/Orsini;SI;Piazzale;Bande Nere;9;MILANO;20146;6;52;BANDE NERE;9.135800000000074;45.461130000000026;(45.461130000000026, 9.135800000000074)
258;Piazza Bettini;SI;Piazza;Bettini;;MILANO;20147;7;52;BANDE NERE;9.132900000000063;45.46280000000007;(45.46280000000007, 9.132900000000063)
259;Piazza Bettini;SI;Piazza;Bettini;;MILANO;20147;7;52;BANDE NERE;9.133480000000077;45.463010000000054;(45.463010000000054, 9.133480000000077)
261;Via Gavirate ;SI;Via;Gavirate;19;MILANO;20146;6;52;BANDE NERE;9.13468000000006;45.45577000000003;(45.45577000000003, 9.13468000000006)
262;Osoppo;SI;Via;Osoppo;5;MILANO;20148;7;57;SAN SIRO;9.14408000000003;45.469670000000065;(45.469670000000065, 9.14408000000003)
263;Osoppo;SI;Via;Osoppo;25;MILANO;20148;7;57;SAN SIRO;9.14143000000007;45.46796000000006;(45.46796000000006, 9.14143000000007)
264;Osoppo;SI;Via;Osoppo;13;MILANO;20148;7;57;SAN SIRO;9.142750000000035;45.46861000000007;(45.46861000000007, 9.142750000000035)
265;Osoppo;SI;Via;Osoppo;14;MILANO;20148;7;57;SAN SIRO;9.142480000000035;45.46878000000004;(45.46878000000004, 9.142480000000035)
266;Osoppo;SI;Via;Osoppo;2;MILANO;20148;7;57;SAN SIRO;9.14363000000003;45.469490000000064;(45.469490000000064, 9.14363000000003)
267;Piazza Frattini;SI;Piazza;Frattini;2;MILANO;20146;6;52;BANDE NERE;9.141380000000026;45.45202000000006;(45.45202000000006, 9.141380000000026)
268;Piazza Frattini;SI;Piazza;Frattini;8;MILANO;20146;6;52;BANDE NERE;9.142080000000021;45.45208000000008;(45.45208000000008, 9.142080000000021)
269;Piazza Frattini;SI;Piazza;Frattini;;MILANO;20146;6;49;GIAMBELLINO;9.142950000000042;45.45144000000005;(45.45144000000005, 9.142950000000042)
270;Piazza Frattini;SI;Piazza;Frattini;19;MILANO;20146;6;49;GIAMBELLINO;9.141970000000072;45.451670000000036;(45.451670000000036, 9.141970000000072)
271;Via Gentile Bellini;SI;Via ;Gentile Bellini;6;MILANO;20146;6;49;GIAMBELLINO;9.143210000000067;45.450180000000046;(45.450180000000046, 9.143210000000067)
273;Piazza Napoli;SI;Piazza;Napoli;38;MILANO;20146;6;49;GIAMBELLINO;9.15387000000004;45.453140000000076;(45.453140000000076, 9.15387000000004)
274;Piazza Napoli;SI;Piazza;Napoli;32;MILANO;20144;6;50;PORTA GENOVA;9.163870000000031;45.453140000000076;(45.453140000000076, 9.163870000000031)
275;Piazza Napoli;SI;Piazza;Napoli;15;MILANO;20146;6;49;GIAMBELLINO;9.153700000000072;45.45375000000007;(45.45375000000007, 9.153700000000072)
284;Via Giambellino fino Brun;SI;Via;Giambellino;56;MILANO;20146;6;49;GIAMBELLINO;9.146400000000028;45.44989000000004;(45.44989000000004, 9.146400000000028)
285;Via Vespri Siciliani;SI;Via;Vespri Siciliani;88;MILANO;20146;6;49;GIAMBELLINO;9.143310000000042;45.45093000000003;(45.45093000000003, 9.143310000000042)
286;Via Giambellino fino Brun;SI;Via;Giambellino;21;MILANO;20146;6;49;GIAMBELLINO;9.150940000000048;45.45133000000004;(45.45133000000004, 9.150940000000048)
287;Via Giambellino fino Brun;SI;Via;Giambellino;90;MILANO;20146;6;49;GIAMBELLINO;9.151160000000061;45.44968000000006;(45.44968000000006, 9.151160000000061)
288;L.go Giambe/Gelsomini;SI;Largo;dei Gelsomini;4;MILANO;20146;6;49;GIAMBELLINO;9.137050000000045;45.44828000000007;(45.44828000000007, 9.137050000000045)
289;L.go Giambe/Gelsomini;SI;Largo;Giambellino;118;MILANO;20146;6;49;GIAMBELLINO;9.138140000000021;45.44826000000006;(45.44826000000006, 9.138140000000021)
290;L.go Giambe/Gelsomini;SI;Largo;dei Gelsomini;2;MILANO;20146;6;49;GIAMBELLINO;9.137320000000045;45.44787000000008;(45.44787000000008, 9.137320000000045)
291;Largo Brasilia;SI;Largo;Brasilia;;MILANO;20146;6;52;BANDE NERE;9.136180000000024;45.45193000000006;(45.45193000000006, 9.136180000000024)
293;Largo Fatima;SI;Largo ;Fatima;;MILANO;20147;6;53;LORENTEGGIO;9.12952000000007;45.44885000000005;(45.44885000000005, 9.12952000000007)
294;Largo Fatima;SI;Largo ;Fatima;;MILANO;20147;6;53;LORENTEGGIO;9.13023000000004;45.44916000000006;(45.44916000000006, 9.13023000000004)
296;Piazza Tirana;SI;Piazza;Tirana;;MILANO;20147;6;49;GIAMBELLINO;9.129410000000064;45.444390000000055;(45.444390000000055, 9.129410000000064)
297;Piazza Tirana;SI;Piazza;Tirana;22;MILANO;20147;6;49;GIAMBELLINO;9.12910000000005;45.44315000000006;(45.44315000000006, 9.12910000000005)
298;Piazza Tirana;SI;Piazza;Tirana;;MILANO;20147;6;49;GIAMBELLINO;9.130530000000022;45.44312000000008;(45.44312000000008, 9.130530000000022)
299;G.ni Gonin Ferrari;SI;Via;Giordani;;MILANO;20147;6;49;GIAMBELLINO;9.124190000000056;45.44202000000007;(45.44202000000007, 9.124190000000056)
300;G.ni Gonin Ferrari;SI;Via;Gonin;11;MILANO;20147;6;49;GIAMBELLINO;9.129230000000064;45.444390000000055;(45.444390000000055, 9.129230000000064)
302;Lorenteggio;SI;Via;Molinetto di Lorenteggio;;MILANO;20147;6;49;GIAMBELLINO;9.116730000000075;45.44145000000003;(45.44145000000003, 9.116730000000075)
303;Lorenteggio;SI;Via;Molinetto di Lorenteggio;;MILANO;20147;6;49;GIAMBELLINO;9.11641000000003;45.442540000000065;(45.442540000000065, 9.11641000000003)
304;Viale Famagosta;SI;Viale;Famagosta;;MILANO;20147;6;49;GIAMBELLINO;9.116350000000068;45.442540000000065;(45.442540000000065, 9.116350000000068)
305;Parco Sieroterapico;SI;Via;Segantini;;MILANO;20143;6;44;PORTA TICINESE - CONCHETTA;9.172470000000033;45.44620000000003;(45.44620000000003, 9.172470000000033)
306;Parco Sieroterapico;SI;Via;Segantini;71;MILANO;20143;6;44;PORTA TICINESE - CONCHETTA;9.172380000000032;45.44483000000008;(45.44483000000008, 9.172380000000032)
307;Parco Sieroterapico;SI;Via;Segantini;22;MILANO;20143;6;44;PORTA TICINESE - CONCHETTA;9.172390000000064;45.44627000000003;(45.44627000000003, 9.172390000000064)
308;Borsi/Gola;SI;Via;Giosuè Borsi;10;MILANO;20143;6;44;PORTA TICINESE - CONCHETTA;9.174890000000062;45.447640000000035;(45.447640000000035, 9.174890000000062)
309;CAM La Spezia;SI;Via;Spezia;;MILANO;20142;6;45;MONCUCCO - SAN CRISTOFORO;9.17223000000007;45.43961000000007;(45.43961000000007, 9.17223000000007)
310;CAM La Spezia;SI;Via;Spezia;;MILANO;20142;5;43;TIBALDI;9.172160000000076;45.439310000000035;(45.439310000000035, 9.172160000000076)
311;Bocconi;SI;Via;Bocconi;26;MILANO;20136;5;5;PORTA VIGENTINA - PORTA LODOVICA;9.190690000000075;45.447940000000074;(45.447940000000074, 9.190690000000075)
318;ex OM;SI;Via;Spadolini;;MILANO;20141;5;37;MORIVIONE;9.194450000000074;45.44459000000006;(45.44459000000006, 9.194450000000074)
319;ex OM;SI;Via;Spadolini;;MILANO;20141;5;37;MORIVIONE;9.188650000000052;45.44419000000005;(45.44419000000005, 9.188650000000052)
321;Ripamonti 35;SI;Viale;Ripamonti;40;MILANO;20136;5;5;PORTA VIGENTINA - PORTA LODOVICA;9.197930000000042;45.44643000000008;(45.44643000000008, 9.197930000000042)
323;Ripamonti 88;SI;Via;Ripamonti;66;MILANO;20141;5;37;MORIVIONE;9.198780000000056;45.44351000000006;(45.44351000000006, 9.198780000000056)
324;Ripamonti 157;SI;Via;Ripamonti;156;MILANO;20141;5;38;VIGENTINO - Q.RE FATIMA;9.200980000000072;45.43560000000008;(45.43560000000008, 9.200980000000072)
325;Ripamonti 248;SI;Via;Ripamonti;246/A;MILANO;20141;5;38;VIGENTINO - Q.RE FATIMA;9.202810000000056;45.42805000000004;(45.42805000000004, 9.202810000000056)
327;Piazza Agrippa;SI;Piazza;Agrippa;10;MILANO;20141;5;42;STADERA - CHIESA ROSSA - Q.RE TORRETTA - CONCA FALLATA;9.182840000000056;45.43309000000005;(45.43309000000005, 9.182840000000056)
328;Via Palmieri;SI;Via;Nicola Palmieri;22;MILANO;20141;5;42;STADERA - CHIESA ROSSA - Q.RE TORRETTA - CONCA FALLATA;9.177350000000047;45.43507000000005;(45.43507000000005, 9.177350000000047)
329;Parco Martesana;SI;Parco;Martesana;;MILANO;20127;2;19;PADOVA - TURRO - CRESCENZAGO;9.231420000000071;45.50369000000006;(45.50369000000006, 9.231420000000071)
330;Parco Martesana;SI;Via;Rancati ;36;MILANO;20127;2;19;PADOVA - TURRO - CRESCENZAGO;9.229620000000068;45.50236000000007;(45.50236000000007, 9.229620000000068)
331;Parco Martesana;SI;Via;Zanardini;20;MILANO;20127;2;19;PADOVA - TURRO - CRESCENZAGO;9.235820000000047;45.50377000000003;(45.50377000000003, 9.235820000000047)
332;Parco Martesana;SI;Parco;Martesana;;MILANO;20127;2;19;PADOVA - TURRO - CRESCENZAGO;9.231870000000072;45.500680000000045;(45.500680000000045, 9.231870000000072)
333;Parco Martesana;SI;Via;Agordat;36;MILANO;20127;2;19;PADOVA - TURRO - CRESCENZAGO;9.23255000000006;45.50278000000003;(45.50278000000003, 9.23255000000006)
334;Parco Martesana;SI;Parco;Martesana;;MILANO;20127;2;19;PADOVA - TURRO - CRESCENZAGO;9.234340000000032;45.50359000000003;(45.50359000000003, 9.234340000000032)
337;Via Rizzoli MM Crescenzago;SI;Via;Francesco Rubino;;MILANO;20132;3;18;CIMIANO - ROTTOLE - Q.RE FELTRE;9.248330000000067;45.50463000000008;(45.50463000000008, 9.248330000000067)
338;Largo TelAviv;SI;Largo;Tel Aviv;10;MILANO;20132;2;19;PADOVA - TURRO - CRESCENZAGO;9.23482000000007;45.49790000000007;(45.49790000000007, 9.23482000000007)
339;Palmanova/Boves;SI;Via;Boves;1;MILANO;20132;3;18;CIMIANO - ROTTOLE - Q.RE FELTRE;9.236800000000073;45.49563000000006;(45.49563000000006, 9.236800000000073)
340;Palmanova/Boves;SI;Via;Palmanova;60;MILANO;20132;3;18;CIMIANO - ROTTOLE - Q.RE FELTRE;9.237500000000068;45.49670000000003;(45.49670000000003, 9.237500000000068)
342;Giardini Bellisario Marisa;SI;Via;Maniago;34;MILANO;20132;3;18;CIMIANO - ROTTOLE - Q.RE FELTRE;9.238000000000056;45.491040000000055;(45.491040000000055, 9.238000000000056)
343;Giardini Bellisario Marisa;SI;Via;Maniago;25;MILANO;20132;3;18;CIMIANO - ROTTOLE - Q.RE FELTRE;9.23825000000005;45.49102000000005;(45.49102000000005, 9.23825000000005)
344;Gobba;SI;Cascina;Gobba;;MILANO;20132;3;18;CIMIANO - ROTTOLE - Q.RE FELTRE;9.260650000000055;45.51095000000004;(45.51095000000004, 9.260650000000055)
345;Gobba;SI;Cascina;Gobba;;MILANO;20132;3;18;CIMIANO - ROTTOLE - Q.RE FELTRE;9.260890000000074;45.51121000000006;(45.51121000000006, 9.260890000000074)
346;Borgo Chiaravalle;SI;Via;Sant'Arialdo;115;MILANO;20139;5;34;CHIARAVALLE;9.235450000000071;45.416390000000035;(45.416390000000035, 9.235450000000071)
347;Piazzale De Agostini;SI;Piazzale;de Agostini;;MILANO;20146;7;51;PORTA MAGENTA;9.156270000000063;45.458210000000065;(45.458210000000065, 9.156270000000063)
348;Piazzale De Agostini;SI;Piazzale;de Agostini;;MILANO;20144;6;51;PORTA MAGENTA;9.15620000000007;45.45765000000006;(45.45765000000006, 9.15620000000007)
349;Viale Berengario;SI;Piazza;Amendola;;MILANO;20149;8;59;TRE TORRI;9.151460000000043;45.47410000000008;(45.47410000000008, 9.151460000000043)
350;Piazzale Carlo Magno;SI;Piazzale;Carlo Magno;;MILANO;20149;8;67;PORTELLO;9.155860000000075;45.48096000000004;(45.48096000000004, 9.155860000000075)
353;Piazza Cadorna;SI;Piazzale;Cadorna;7;MILANO;20123;1;7;MAGENTA - S. VITTORE;9.177130000000034;45.46774000000005;(45.46774000000005, 9.177130000000034)
354;Piazza Pagano;SI;Piazza;Pagano;;MILANO;20145;8;68;PAGANO;9.16050000000007;45.468530000000044;(45.468530000000044, 9.16050000000007)
355;Burchiello/Pagano;SI;Via;del Burchiello;;MILANO;20145;8;68;PAGANO;9.160040000000038;45.468560000000025;(45.468560000000025, 9.160040000000038)
356;Burchiello/Pagano;SI;Via;Giorgio Pallavicino;35;MILANO;20145;8;68;PAGANO;9.160120000000063;45.469070000000045;(45.469070000000045, 9.160120000000063)
357;Burchiello/Pagano;SI;Via;Alfredo Panzini;;MILANO;20145;8;68;PAGANO;9.160640000000058;45.47005000000007;(45.47005000000007, 9.160640000000058)
358;Burchiello/Pagano;SI;Via;Piero Capponi;22;MILANO;20145;8;68;PAGANO;9.159320000000037;45.470390000000066;(45.470390000000066, 9.159320000000037)
359;Burchiello/Pagano;SI;Via;Grancini;8;MILANO;20145;8;68;PAGANO;9.16115000000002;45.471430000000055;(45.471430000000055, 9.16115000000002)
360;Burchiello/Pagano;SI;Via;Rossetti;30;MILANO;20145;8;68;PAGANO;9.163110000000074;45.471970000000056;(45.471970000000056, 9.163110000000074)
363;P.ta Romana - C.so Lodi;SI;Corso;Lodi;1;MILANO;20135;5;27;PTA ROMANA;9.202980000000025;45.45139000000006;(45.45139000000006, 9.202980000000025)
365;Giardini Bazlen;SI;Corso;Porta Romana;116;MILANO;20122;1;5;PORTA VIGENTINA - PORTA LODOVICA;9.198530000000062;45.45432000000005;(45.45432000000005, 9.198530000000062)
366;Giardini Bazlen;SI;Corso;Porta Romana;116;MILANO;20122;1;5;PORTA VIGENTINA - PORTA LODOVICA;9.19852000000003;45.45431000000008;(45.45431000000008, 9.19852000000003)
368;Piazza 5 Giornate;SI;Piazza;Cinque Giornate;3;MILANO;20129;1;4;GUASTALLA;9.207100000000025;45.46262000000007;(45.46262000000007, 9.207100000000025)
369;Parco Morosini;SI;Via;Emilio Morosini;7;MILANO;20135;4;26;XXII MARZO;9.211200000000076;45.46089000000006;(45.46089000000006, 9.211200000000076)
373;(XXII Marzo/Emilia);SI;Corso;XXII MARZO;37;MILANO;20135;4;26;XXII MARZO;9.21795000000003;45.46211000000005;(45.46211000000005, 9.21795000000003)
380;Via Cadore/Anfossi;SI;Via;Anfossi;32;MILANO;20135;4;26;XXII MARZO;9.214300000000037;45.459100000000035;(45.459100000000035, 9.214300000000037)
382;Via Comelico/Friuli;SI;Via;Comelico;19;MILANO;20135;4;26;XXII MARZO;9.213400000000036;45.454810000000066;(45.454810000000066, 9.213400000000036)
383;Viale Umbria;SI;Viale;Umbria;62;MILANO;20135;4;28;UMBRIA - MOLISE - CALVAIRATE;9.21628000000004;45.454630000000066;(45.454630000000066, 9.21628000000004)
385;Parco Alessandrini;SI;Via;Monte Cimone ;1;MILANO;20137;4;29;ORTOMERCATO;9.225170000000048;45.44995000000006;(45.44995000000006, 9.225170000000048)
387;Piazzale Bologna;SI;Piazzale;Bologna;;MILANO;20137;4;29;ORTOMERCATO;9.228600000000029;45.45099000000005;(45.45099000000005, 9.228600000000029)
388;Piazzale Bologna;SI;Piazzale;Bologna;;MILANO;20139;4;35;LODI - CORVETTO;9.22443000000004;45.44465000000008;(45.44465000000008, 9.22443000000004)
389;Piazzale Bologna;SI;Piazzale;Bologna;;MILANO;20139;4;35;LODI - CORVETTO;9.223500000000058;45.445610000000045;(45.445610000000045, 9.223500000000058)
390;Piazzale Gabriele Rosa;SI;Piazzale;Gabriele Rosa;13;MILANO;20139;4;35;LODI - CORVETTO;9.224350000000072;45.43686000000008;(45.43686000000008, 9.224350000000072)
391;Piazzale Gabriele Rosa;SI;Piazzale;Gabriele Rosa;4;MILANO;20139;4;35;LODI - CORVETTO;9.224120000000028;45.437280000000044;(45.437280000000044, 9.224120000000028)
392;Corvetto;SI;Piazzale;Corvetto;1;MILANO;20139;4;35;LODI - CORVETTO;9.22374000000002;45.439940000000036;(45.439940000000036, 9.22374000000002)
393;Parco Pessina/altaguardia;SI;Via;Giulio Romano;14;MILANO;20135;5;27;PTA ROMANA;9.20085000000006;45.44872000000004;(45.44872000000004, 9.20085000000006)
394;Monte Velino - Varsavia;SI;Via;Cadibona;592;MILANO;20137;4;29;ORTOMERCATO;9.227510000000052;45.453640000000064;(45.453640000000064, 9.227510000000052)
395;F.lli Rosselli/Corvetto;SI;Via;Fratelli Rosselli;17;MILANO;20139;4;35;LODI - CORVETTO;9.22634000000005;45.441850000000045;(45.441850000000045, 9.22634000000005)
398;Fabio Massimo;SI;Via;Fabio Massimo;1;MILANO;20139;4;35;LODI - CORVETTO;9.229040000000055;45.436210000000074;(45.436210000000074, 9.229040000000055)
399;Fabio Massimo;SI;Via;Fabio Massimo;1;MILANO;20139;4;35;LODI - CORVETTO;9.229570000000024;45.436600000000055;(45.436600000000055, 9.229570000000024)
400;Fabio Massimo;SI;Via;Montemartini;6;MILANO;20139;4;35;LODI - CORVETTO;9.228360000000066;45.43581000000006;(45.43581000000006, 9.228360000000066)
401;Via Mincio/P.le Ferrara;SI;Piazzale;Ferrara;;MILANO;20139;4;35;LODI - CORVETTO;9.220160000000021;45.43899000000005;(45.43899000000005, 9.220160000000021)
402;Via Mincio/P.le Ferrara;SI;Via;Mincio;26;MILANO;20139;4;35;LODI - CORVETTO;9.219960000000071;45.43805000000003;(45.43805000000003, 9.219960000000071)
403;Piazza San Luigi;SI;Piazza;San Luigi;1;MILANO;20139;4;35;LODI - CORVETTO;9.213660000000061;45.44372000000004;(45.44372000000004, 9.213660000000061)
404;Piazza Assunta;SI;Via;dell'Assunta;14;MILANO;20141;5;38;VIGENTINO - Q.RE FATIMA;9.202830000000063;45.433730000000025;(45.433730000000025, 9.202830000000063)
405;Piazzale Madonna di Fatima;SI;Via;dei Guarneri;14;MILANO;20141;5;38;VIGENTINO - Q.RE FATIMA;9.203550000000064;45.43008000000003;(45.43008000000003, 9.203550000000064)
406;Piazzale Madonna di Fatima;SI;Via;Val di Sole;22;MILANO;20141;5;38;VIGENTINO - Q.RE FATIMA;9.202830000000063;45.433530000000076;(45.433530000000076, 9.202830000000063)
407;Parco Dudovich/Dini/Abbiategrasso;SI;Via;Ulisse Dini;7;MILANO;20142;5;42;STADERA - CHIESA ROSSA - Q.RE TORRETTA - CONCA FALLATA;9.179670000000044;45.42945000000003;(45.42945000000003, 9.179670000000044)
409;Via dei Missaglia 46/3;SI;Via;Fabrizio de Andrè;;MILANO;20142;5;42;STADERA - CHIESA ROSSA - Q.RE TORRETTA - CONCA FALLATA;9.17563000000007;45.42288000000008;(45.42288000000008, 9.17563000000007)
410;Piazza Remo Cantoni Bugatti;SI;Via ;Nicola Romeo;7;MILANO;20142;5;41;GRATOSOGLIO - Q.RE MISSAGLIA - Q.RE TERRAZZE;9.180000000000064;45.418450000000064;(45.418450000000064, 9.180000000000064)
411;Via Gratosoglio 63;SI;Via;Gratosoglio ;63;MILANO;20142;5;41;GRATOSOGLIO - Q.RE MISSAGLIA - Q.RE TERRAZZE;9.171150000000068;45.412990000000036;(45.412990000000036, 9.171150000000068)
412;Giardini Saponaro 30/36;SI;Via;Saponaro;30;MILANO;20142;5;41;GRATOSOGLIO - Q.RE MISSAGLIA - Q.RE TERRAZZE;9.17330000000004;45.40650000000005;(45.40650000000005, 9.17330000000004)
413;Giardini Saponaro 30/36;SI;Via;Saponaro;12;MILANO;20142;5;41;GRATOSOGLIO - Q.RE MISSAGLIA - Q.RE TERRAZZE;9.174140000000023;45.41010000000006;(45.41010000000006, 9.174140000000023)
415;Q.re Basmetto;SI;Largo ;Giovanni Muzio;;MILANO;20142;5;41;GRATOSOGLIO - Q.RE MISSAGLIA - Q.RE TERRAZZE;9.16471000000007;45.41330000000005;(45.41330000000005, 9.16471000000007)
416;Q.re Basmetto;SI;Via ;Gianluigi Banfi;11;MILANO;20142;5;41;GRATOSOGLIO - Q.RE MISSAGLIA - Q.RE TERRAZZE;9.165460000000053;45.41494000000006;(45.41494000000006, 9.165460000000053)
417;Q.re Sant'Ambrogio;SI;Via;San Paolino;2;MILANO;20142;6;46;BARONA;9.164430000000038;45.433940000000064;(45.433940000000064, 9.164430000000038)
418;Q.re Sant'Ambrogio;SI;Via;San Paolino;;MILANO;20142;6;46;BARONA;9.161610000000053;45.43139000000008;(45.43139000000008, 9.161610000000053)
419;Q.re Sant'Ambrogio;SI;Via;San Paolino;;MILANO;20142;6;46;BARONA;9.162550000000067;45.43169000000006;(45.43169000000006, 9.162550000000067)
421;Q.re Sant'Ambrogio;SI;Via;San Paolino;18;MILANO;20142;6;46;BARONA;9.162960000000055;45.431440000000066;(45.431440000000066, 9.162960000000055)
422;Q.re Sant'Ambrogio;SI;Via;San Paolino;18;MILANO;20142;6;46;BARONA;9.16297000000003;45.43147000000005;(45.43147000000005, 9.16297000000003)
425;Giardino Condiviso;SI;Via;Bussola;;MILANO;20143;6;45;MONCUCCO - SAN CRISTOFORO;9.157770000000028;45.44533000000007;(45.44533000000007, 9.157770000000028)
426;Piazzale Luigi  Negrelli;SI;Piazzale;Luigi Negrelli;;MILANO;20143;6;48;RONCHETTO SUL NAVIGLIO - Q.RE LODOVICO IL MORO;9.138860000000022;45.44389000000007;(45.44389000000007, 9.138860000000022)
427;Parco Teramo;SI;Via;Davide Campari;9;MILANO;20142;6;46;BARONA;9.144910000000039;45.43514000000005;(45.43514000000005, 9.144910000000039)
428;Via Barona 51;SI;Via;Barona;51;MILANO;20142;6;46;BARONA;9.149290000000065;45.433020000000056;(45.433020000000056, 9.149290000000065)
429;Via Barona 51;SI;Via;Barona;75;MILANO;20142;6;46;BARONA;9.149360000000058;45.43201000000005;(45.43201000000005, 9.149360000000058)
430;Via Barona 51;SI;Via ;Boffalora;118;MILANO;20142;6;46;BARONA;9.150650000000041;45.43223000000006;(45.43223000000006, 9.150650000000041)
431;Piscina Argelati;SI;Via ;Segantini;6;MILANO;20143;6;44;PORTA TICINESE - CONCHETTA;9.172260000000051;45.44918000000007;(45.44918000000007, 9.172260000000051)
434;Via Monte Rosa - ATM;SI;Via;Monterosa;89;MILANO;20149;7;58;DE ANGELI - MONTE ROSA;9.146280000000047;45.477190000000064;(45.477190000000064, 9.146280000000047)
435;Via Monte Rosa - ATM;SI;Via;Monterosa;89;MILANO;20149;7;58;DE ANGELI - MONTE ROSA;9.14608000000004;45.47702000000004;(45.47702000000004, 9.14608000000004)
436;Precotto - ATM;SI;Via;Anassagora;11;MILANO;20128;2;16;GORLA - PRECOTTO;9.232880000000023;45.51875000000007;(45.51875000000007, 9.232880000000023)
437;Piazza Materno/Durante;SI;Piazza;San Materno;1;MILANO;20131;3;20;LORETO - CASORETTO - NOLO;9.226530000000025;45.48893000000004;(45.48893000000004, 9.226530000000025)
438;Piazza Materno/Durante;SI;Piazza;Durante;18;MILANO;20131;3;20;LORETO - CASORETTO - NOLO;9.22431000000006;45.48885000000007;(45.48885000000007, 9.22431000000006)
439;Buenos Aires - Piazza Argentina;SI;Via;Nicola Piccinni;1;MILANO;20131;3;21;BUENOS AIRES - PORTA VENEZIA - PORTA MONFORTE;9.21398000000005;45.483040000000074;(45.483040000000074, 9.21398000000005)
440;Loreto/Mercadante;SI;Via;Saverio Mercadante;17;MILANO;20131;3;21;BUENOS AIRES - PORTA VENEZIA - PORTA MONFORTE;9.214910000000032;45.48380000000003;(45.48380000000003, 9.214910000000032)
441;Piazza Lima;SI;Corso;Buenos Aires;42;MILANO;20124;3;21;BUENOS AIRES - PORTA VENEZIA - PORTA MONFORTE;9.211250000000064;45.47980000000007;(45.47980000000007, 9.211250000000064)
442;Piazza Lima;SI;Piazza;Lima;;MILANO;20129;3;21;BUENOS AIRES - PORTA VENEZIA - PORTA MONFORTE;9.21136000000007;45.48010000000005;(45.48010000000005, 9.21136000000007)
443;Bacone/Morgagni;SI;Piazzale;Bacone;;MILANO;20129;3;21;BUENOS AIRES - PORTA VENEZIA - PORTA MONFORTE;9.214200000000062;45.48046000000005;(45.48046000000005, 9.214200000000062)
444;Bacone/Morgagni;SI;Via;Plinio;13;MILANO;20129;3;21;BUENOS AIRES - PORTA VENEZIA - PORTA MONFORTE;9.213130000000035;45.47899000000007;(45.47899000000007, 9.213130000000035)
445;Bacone/Morgagni;SI;Piazzale;Lavater;;MILANO;20129;3;21;BUENOS AIRES - PORTA VENEZIA - PORTA MONFORTE;9.210790000000031;45.476590000000044;(45.476590000000044, 9.210790000000031)
446;Bacone/Morgagni;SI;Piazzale;Lavater;;MILANO;20129;3;21;BUENOS AIRES - PORTA VENEZIA - PORTA MONFORTE;9.211160000000064;45.476690000000076;(45.476690000000076, 9.211160000000064)
447;Aires/Petrella;SI;Corso;Buenos Aires;57;MILANO;20124;3;21;BUENOS AIRES - PORTA VENEZIA - PORTA MONFORTE;9.212930000000028;45.48223000000007;(45.48223000000007, 9.212930000000028)
450;Via Benedetto Marcello;SI;Via;Benedetto Marcello;93;MILANO;20124;3;21;BUENOS AIRES - PORTA VENEZIA - PORTA MONFORTE;9.209990000000062;45.483130000000074;(45.483130000000074, 9.209990000000062)
451;Via Benedetto Marcello;SI;Via;Benedetto Marcello;89;MILANO;20124;3;21;BUENOS AIRES - PORTA VENEZIA - PORTA MONFORTE;9.209220000000073;45.48240000000004;(45.48240000000004, 9.209220000000073)
452;Via Benedetto Marcello;SI;Via;Benedetto Marcello;48;MILANO;20124;3;21;BUENOS AIRES - PORTA VENEZIA - PORTA MONFORTE;9.210710000000063;45.48290000000003;(45.48290000000003, 9.210710000000063)
453;Buenos Aires - Boscovich;SI;Corso;Buenos Aires;33;MILANO;20124;3;21;BUENOS AIRES - PORTA VENEZIA - PORTA MONFORTE;9.20688000000007;45.48059000000006;(45.48059000000006, 9.20688000000007)
454;Aires/Gregorio;SI;Corso;Buenos Aires;22;MILANO;20124;3;21;BUENOS AIRES - PORTA VENEZIA - PORTA MONFORTE;9.208560000000034;45.47769000000005;(45.47769000000005, 9.208560000000034)
455;Aires/Tunisia/PSFR;SI;Viale;Regina  Giovanna;3;MILANO;20129;3;21;BUENOS AIRES - PORTA VENEZIA - PORTA MONFORTE;9.208420000000046;45.47593000000006;(45.47593000000006, 9.208420000000046)
456;Aires/Tunisia/PSFR;SI;Corso;Buenos Aires;14;MILANO;20124;3;21;BUENOS AIRES - PORTA VENEZIA - PORTA MONFORTE;9.20873000000006;45.47789000000006;(45.47789000000006, 9.20873000000006)
457;Piazza Oberdan;SI;Piazza;Guglielmo Oberdan;;MILANO;20121;1;3;GIARDINI P.TA VENEZIA;9.204470000000072;45.47467000000006;(45.47467000000006, 9.204470000000072)
458;Piazza Oberdan;SI;Piazza;Guglielmo Oberdan;2/A;MILANO;20129;3;21;BUENOS AIRES - PORTA VENEZIA - PORTA MONFORTE;9.208260000000053;45.47484000000003;(45.47484000000003, 9.208260000000053)
459;Piazzale Marengo;SI;Piazzale;Marengo;8;MILANO;20121;1;3;GIARDINI P.TA VENEZIA;9.196790000000021;45.474060000000065;(45.474060000000065, 9.196790000000021)
460;G.ni Settembrini;SI;Via;San Gregorio;29/A;MILANO;20154;1;69;SARPI;9.17312000000004;45.47950000000003;(45.47950000000003, 9.17312000000004)
461;Zona Centro;SI;Piazza;Armando Diaz;;MILANO;20123;1;1;DUOMO;9.190140000000042;45.46261000000004;(45.46261000000004, 9.190140000000042)
462;Zona Centro;SI;Piazza;Castello;;MILANO;20121;1;1;DUOMO;9.180320000000052;45.46956000000006;(45.46956000000006, 9.180320000000052)
463;Zona Centro;SI;Piazza;Castello;;MILANO;20121;1;1;DUOMO;9.180790000000059;45.469520000000045;(45.469520000000045, 9.180790000000059)
464;Zona Centro;SI;Piazza;Castello;;MILANO;20121;1;1;DUOMO;9.180600000000027;45.46963000000005;(45.46963000000005, 9.180600000000027)
465;Dante/Meravigli UEFA;SI;Largo;Cairoli;;MILANO;20121;1;1;DUOMO;9.18127000000004;45.46926000000008;(45.46926000000008, 9.18127000000004)
466;Zona Centro;SI;Largo;Cairoli;;MILANO;20121;1;1;DUOMO;9.181370000000072;45.469400000000064;(45.469400000000064, 9.181370000000072)
467;Zona Centro;SI;Largo;Cairoli;;MILANO;20121;1;2;BRERA;9.182180000000074;45.468450000000075;(45.468450000000075, 9.182180000000074)
468;Via Cusani;SI;Via;Cusani;4;MILANO;20121;1;2;BRERA;9.184420000000046;45.468920000000026;(45.468920000000026, 9.184420000000046)
469;Zona Centro;SI;Largo;Cairoli;;MILANO;20121;1;1;DUOMO;9.182450000000074;45.46786000000003;(45.46786000000003, 9.182450000000074)
470;Dante/Meravigli UEFA;SI;Via;Dante;14;MILANO;20121;1;2;BRERA;9.182830000000024;45.46781000000004;(45.46781000000004, 9.182830000000024)
471;Dante/Meravigli UEFA;SI;Via;Dante;12;MILANO;20121;1;2;BRERA;9.18342000000007;45.46738000000005;(45.46738000000005, 9.18342000000007)
472;Dante/Meravigli UEFA;SI;Via;Dante;6;MILANO;20121;1;2;BRERA;9.184810000000027;45.466800000000035;(45.466800000000035, 9.184810000000027)
473;Dante/Meravigli UEFA;SI;Via;Dante;5;MILANO;20121;1;2;BRERA;9.185940000000073;45.46615000000003;(45.46615000000003, 9.185940000000073)
474;Piazza Affari;SI;Piazza;degli Affari;;MILANO;20123;1;1;DUOMO;9.183310000000063;45.46494000000007;(45.46494000000007, 9.183310000000063)
477;Zona Centro;SI;Piazza;Cordusio;;MILANO;20123;1;1;DUOMO;9.186660000000074;45.46511000000004;(45.46511000000004, 9.186660000000074)
478;Dante/Meravigli UEFA;SI;Via;dei Mercanti;8;MILANO;20121;1;1;DUOMO;9.187670000000026;45.465310000000045;(45.465310000000045, 9.187670000000026)
480;Zona Centro;SI;Piazza;del Duomo;19;MILANO;20123;1;1;DUOMO;9.188120000000026;45.46463000000006;(45.46463000000006, 9.188120000000026)
481;Zona Centro;SI;Piazza;dei Mercanti;1;MILANO;20123;1;1;DUOMO;9.187550000000044;45.46474000000006;(45.46474000000006, 9.187550000000044)
482;Zona Centro;SI;Via ;Orefici;2;MILANO;20123;1;1;DUOMO;9.187650000000076;45.464000000000055;(45.464000000000055, 9.187650000000076)
483;Zona Centro;SI;Piazza;del Duomo;;MILANO;20123;1;1;DUOMO;9.18781000000007;45.46410000000003;(45.46410000000003, 9.18781000000007)
484;Via Torino;SI;Via ;Torino;16;MILANO;20123;1;1;DUOMO;9.187280000000044;45.46336000000008;(45.46336000000008, 9.187280000000044)
487;Via Torino;SI;Via ;Torino;58;MILANO;20123;1;1;DUOMO;9.183670000000063;45.460690000000056;(45.460690000000056, 9.183670000000063)
489;Zona Centro;SI;Piazza;del Duomo;;MILANO;20123;1;1;DUOMO;9.189690000000041;45.463790000000074;(45.463790000000074, 9.189690000000041)
490;Zona Centro;SI;Piazza;del Duomo;;MILANO;20123;1;1;DUOMO;9.189250000000072;45.46387000000004;(45.46387000000004, 9.189250000000072)
491;Zona Centro;SI;Piazza;del Duomo;;MILANO;20123;1;1;DUOMO;9.189880000000073;45.463490000000036;(45.463490000000036, 9.189880000000073)
494;Zona Centro;SI;Piazza;del Duomo;;MILANO;20121;1;1;DUOMO;9.19264000000004;45.46491000000003;(45.46491000000003, 9.19264000000004)
495;Via Larga;SI;Via;Larga;7;MILANO;20122;1;1;DUOMO;9.192680000000053;45.46464000000003;(45.46464000000003, 9.192680000000053)
497;Zona Centro;SI;Corso;Vittorio Emanuele II;;MILANO;20122;1;1;DUOMO;9.193410000000029;45.464770000000044;(45.464770000000044, 9.193410000000029)
498;Zona Centro;SI;Corso;Vittorio Emanuele II;4;MILANO;20122;1;1;DUOMO;9.19473000000005;45.465220000000045;(45.465220000000045, 9.19473000000005)
499;Zona Centro;SI;Corso;Vittorio Emanuele II;4;MILANO;20122;1;1;DUOMO;9.194750000000056;45.464950000000044;(45.464950000000044, 9.194750000000056)
500;Zona Centro;SI;Corso;Vittorio Emanuele II;30;MILANO;20122;1;1;DUOMO;9.196150000000046;45.465670000000046;(45.465670000000046, 9.196150000000046)
502;Zona Centro;SI;Corso;Vittorio Emanuele II;37/B;MILANO;20122;1;1;DUOMO;9.197010000000034;45.46596000000005;(45.46596000000005, 9.197010000000034)
505;Zona Centro;SI;Piazza;San Babila;;MILANO;20122;1;1;DUOMO;9.197640000000035;45.467040000000054;(45.467040000000054, 9.197640000000035)
509;Zona Centro;SI;Piazza;del Duomo;;MILANO;20121;1;1;DUOMO;9.19404000000003;45.46593000000007;(45.46593000000007, 9.19404000000003)
510;Zona Centro;SI;Piazza;del Duomo;;MILANO;20123;1;1;DUOMO;9.190120000000036;45.46463000000006;(45.46463000000006, 9.190120000000036)
511;Zona Centro;SI;Piazza;del Duomo;21;MILANO;20121;1;1;DUOMO;9.188760000000059;45.46470000000005;(45.46470000000005, 9.188760000000059)
512;Zona Centro;SI;Piazza;del Duomo;21;MILANO;20121;1;1;DUOMO;9.188470000000052;45.464770000000044;(45.464770000000044, 9.188470000000052)
513;Zona Centro;SI;Piazza;del Duomo;21;MILANO;20123;1;1;DUOMO;9.189160000000072;45.464530000000025;(45.464530000000025, 9.189160000000072)
515;Zona Centro;SI;Galleria;Vittorio Emanuele II;;MILANO;20121;1;1;DUOMO;9.190080000000023;45.465050000000076;(45.465050000000076, 9.190080000000023)
518;Zona Centro;SI;Galleria;Vittorio Emanuele II;;MILANO;20121;1;1;DUOMO;9.189970000000073;45.46651000000003;(45.46651000000003, 9.189970000000073)
519;Zona Centro;SI;Piazza;Scala;;MILANO;20121;1;1;DUOMO;9.189810000000023;45.46687000000003;(45.46687000000003, 9.189810000000023)
520;Zona Centro;SI;Piazza;Scala;;MILANO;20121;1;2;BRERA;9.189580000000035;45.46778000000006;(45.46778000000006, 9.189580000000035)
527;Largo Treves 1;SI;Largo;Treves;1;MILANO;20121;1;2;BRERA;9.18679000000003;45.47520000000003;(45.47520000000003, 9.18679000000003)
528;Largo Treves 1;SI;Largo;Treves;1;MILANO;20121;1;2;BRERA;9.186290000000042;45.47521000000006;(45.47521000000006, 9.186290000000042)
529;De Benedetti 1;SI;Largo;De Benedetti;1;MILANO;20124;9;11;ISOLA;9.193730000000073;45.48593000000005;(45.48593000000005, 9.193730000000073)
530;De Benedetti 1;SI;Largo;De Benedetti;1;MILANO;20124;9;9;PORTA GARIBALDI - PORTA NUOVA;9.194370000000049;45.48619000000008;(45.48619000000008, 9.194370000000049)
532;Statuto 17;SI;Via;Statuto;17;MILANO;20121;1;2;BRERA;9.185530000000028;45.47675000000004;(45.47675000000004, 9.185530000000028)
535;San Marco 45;SI;Via;San Marco;45;MILANO;20121;1;2;BRERA;9.188850000000059;45.47858000000008;(45.47858000000008, 9.188850000000059)
536;Marsala 8;SI;Via;Marsala;8;MILANO;20121;1;2;BRERA;9.187410000000057;45.47883000000007;(45.47883000000007, 9.187410000000057)
537;Marsala 8;SI;Via;Marsala;8;MILANO;20121;1;2;BRERA;9.187040000000025;45.47885000000008;(45.47885000000008, 9.187040000000025)
539;Di Porta nuova 23;SI;Via;Castelfidardo;14;MILANO;20121;1;2;BRERA;9.19055000000003;45.47885000000008;(45.47885000000008, 9.19055000000003)
540;Sturzo 49;SI;Viale;Sturzo;49;MILANO;20154;9;9;PORTA GARIBALDI - PORTA NUOVA;9.184820000000059;45.48417000000006;(45.48417000000006, 9.184820000000059)
541;Cimitero Monumentale;SI;Piazzale;Cimitero Monumentale;14;MILANO;20154;8;69;SARPI;9.181680000000028;45.48602000000005;(45.48602000000005, 9.181680000000028)
542;Zara;SI;Viale;Zara;100;Milano;20125;2;12;MACIACHINI - MAGGIOLINA;9.195800000000077;45.49732000000006;(45.49732000000006, 9.195800000000077)
543;Zubiani;SI;Via;Zubiani;1;MILANO;20161;9;14;NIGUARDA - CA' GRANDA - PRATO CENTENARO - Q.RE FULVIO TESTI;9.186010000000067;45.506950000000074;(45.506950000000074, 9.186010000000067)
544;Ospedale Maggiore - Niguarda;SI;Via;Ettore Majorana;6;MILANO;20162;9;14;NIGUARDA - CA' GRANDA - PRATO CENTENARO - Q.RE FULVIO TESTI;9.185920000000067;45.51280000000003;(45.51280000000003, 9.185920000000067)
545;Ospedale Maggiore - Niguarda;SI;Via;Ettore Majorana;6;MILANO;20162;9;14;NIGUARDA - CA' GRANDA - PRATO CENTENARO - Q.RE FULVIO TESTI;9.185280000000034;45.51272000000006;(45.51272000000006, 9.185280000000034)
546;Cherasco 5;SI;Via;Cherasco;5;MILANO;20162;9;14;NIGUARDA - CA' GRANDA - PRATO CENTENARO - Q.RE FULVIO TESTI;9.192800000000034;45.51001000000008;(45.51001000000008, 9.192800000000034)
547;Cirie 9;SI;Via;Ciriè;9;MILANO;20162;9;14;NIGUARDA - CA' GRANDA - PRATO CENTENARO - Q.RE FULVIO TESTI;9.195650000000057;45.511600000000044;(45.511600000000044, 9.195650000000057)
548;Cirie 9;SI;Via;Ciriè;9;MILANO;20162;9;14;NIGUARDA - CA' GRANDA - PRATO CENTENARO - Q.RE FULVIO TESTI;9.195700000000045;45.51278000000008;(45.51278000000008, 9.195700000000045)
549;Gregorovius 15;SI;Via;Gregorovius;15;MILANO;20162;9;14;NIGUARDA - CA' GRANDA - PRATO CENTENARO - Q.RE FULVIO TESTI;9.197380000000067;45.51409000000007;(45.51409000000007, 9.197380000000067)
552;Tarvisio 13;SI;Via ;Privata Tarvisio;13;MILANO;20125;2;13;GRECO - SEGNANO;9.206920000000025;45.49731000000003;(45.49731000000003, 9.206920000000025)
553;De Marchi 66;SI;Via;Emilio De Marchi;66;MILANO;20125;2;13;GRECO - SEGNANO;9.211740000000077;45.50425000000007;(45.50425000000007, 9.211740000000077)
554;Giolli 29;SI;Via;Giolli;29;MILANO;20162;9;14;NIGUARDA - CA' GRANDA - PRATO CENTENARO - Q.RE FULVIO TESTI;9.210450000000037;45.526920000000075;(45.526920000000075, 9.210450000000037)
555;Passerini;SI;Via;Gian Battista Passerini;5;MILANO;20162;9;14;NIGUARDA - CA' GRANDA - PRATO CENTENARO - Q.RE FULVIO TESTI;9.193560000000048;45.51521000000008;(45.51521000000008, 9.193560000000048)
557;S. Arnaldo 17;SI;Via;Sant'Arnaldo;17;MILANO;20161;9;83;BRUZZANO;9.177220000000034;45.525100000000066;(45.525100000000066, 9.177220000000034)
558;S. Arnaldo 17;SI;Via;Sant'Arnaldo;17;MILANO;20161;9;83;BRUZZANO;9.17721000000006;45.52490000000006;(45.52490000000006, 9.17721000000006)
559;Martiri Deportazione;SI;Piazzale;Martiri della Deportazione;1;MILANO;20161;9;84;PARCO NORD;9.181050000000027;45.52896000000004;(45.52896000000004, 9.181050000000027)
560;Martiri Deportazione;SI;Piazzale;Martiri della Deportazione;1;MILANO;20161;9;84;PARCO NORD;9.181470000000047;45.52917000000008;(45.52917000000008, 9.181470000000047)
561;S.Erlembaldo 4;SI;Via;Erlembaldo;4;MILANO;20126;2;16;GORLA - PRECOTTO;9.219430000000045;45.505130000000065;(45.505130000000065, 9.219430000000045)
562;S.Erlembaldo 4;SI;Via;Erlembaldo;4;MILANO;20126;2;16;GORLA - PRECOTTO;9.219440000000077;45.50413000000003;(45.50413000000003, 9.219440000000077)
563;Sammartini 71-73;SI;Via;Sammartini;71;MILANO;20125;2;13;GRECO - SEGNANO;9.212240000000065;45.495750000000044;(45.495750000000044, 9.212240000000065)
564;Ferrante Aporti 3;SI;Via;Ferrante Aporti;3;MILANO;20125;2;10;STAZIONE CENTRALE - PONTE SEVESO;9.209680000000048;45.48965000000004;(45.48965000000004, 9.209680000000048)
565;Deledda 9/a;SI;Via;Deledda;9/A;MILANO;20127;2;20;LORETO - CASORETTO - NOLO;9.216050000000052;45.487820000000056;(45.487820000000056, 9.216050000000052)
566;Livigno 3;SI;Via;Livigno;3;MILANO;20158;9;79;DERGANO;9.178260000000023;45.49857000000003;(45.49857000000003, 9.178260000000023)
567;Livigno 3;SI;Via;Livigno;3;MILANO;20158;9;79;DERGANO;9.178090000000054;45.498740000000055;(45.498740000000055, 9.178090000000054)
568;Livigno 3;SI;Via;Livigno;3;MILANO;20158;9;79;DERGANO;9.177610000000072;45.49872000000005;(45.49872000000005, 9.177610000000072)
569;Guerzoni 38;SI;Via;Guerzoni;38;MILANO;20158;9;79;DERGANO;9.176130000000057;45.500170000000026;(45.500170000000026, 9.176130000000057)
570;Guerzoni 38;SI;Via;Guerzoni;38;MILANO;20158;9;79;DERGANO;9.175920000000076;45.50036000000006;(45.50036000000006, 9.175920000000076)
571;Catone;SI;Via;Privata Catone;24;MILANO;20158;9;77;BOVISA;9.17085000000003;45.498980000000074;(45.498980000000074, 9.17085000000003)
572;Catone;SI;Via;Privata Catone;24;MILANO;20158;9;77;BOVISA;9.171430000000043;45.49921000000006;(45.49921000000006, 9.171430000000043)
573;Catone;SI;Via;Privata Catone;24;MILANO;20158;9;77;BOVISA;9.170980000000043;45.49876000000006;(45.49876000000006, 9.170980000000043)
575;Baldinucci 76;SI;Via ;Baldinucci;76;MILANO;20158;9;77;BOVISA;9.169080000000065;45.503630000000044;(45.503630000000044, 9.169080000000065)
576;Val di Bondo 13;SI;Via ;Val di Bondo;13;MILANO;20161;9;82;COMASINA;9.15996000000007;45.52425000000005;(45.52425000000005, 9.15996000000007)
577;Parea 26;SI;Via;Parea;26;MILANO;20138;4;31;MONLUE' - PONTE LAMBRO;9.263640000000066;45.442120000000045;(45.442120000000045, 9.263640000000066)
578;Parea 26;SI;Via;Parea;26;MILANO;20138;4;31;MONLUE' - PONTE LAMBRO;9.263770000000022;45.44284000000005;(45.44284000000005, 9.263770000000022)
579;Ungheria 29;SI;Viale;Ungheria;29;MILANO;20138;4;30;TALIEDO - MORSENCHIO - Q.RE FORLANINI;9.254800000000046;45.447190000000035;(45.447190000000035, 9.254800000000046)
580;Ungheria 29;SI;Viale;Ungheria;29;MILANO;20138;4;30;TALIEDO - MORSENCHIO - Q.RE FORLANINI;9.254800000000046;45.44741000000005;(45.44741000000005, 9.254800000000046)
581;Ungheria 29;SI;Viale;Ungheria;29;MILANO;20138;4;30;TALIEDO - MORSENCHIO - Q.RE FORLANINI;9.253770000000031;45.44717000000003;(45.44717000000003, 9.253770000000031)
582;De Amicis 17;SI;Via;De Amicis;17;MILANO;20123;1;6;PORTA TICINESE - CONCA DEL NAVIGLIO;9.179370000000063;45.45781000000005;(45.45781000000005, 9.179370000000063)
583;Dei Fabbri 9;SI;Via;Dei Fabbri;9;MILANO;20123;1;1;DUOMO;9.180250000000058;45.45777000000004;(45.45777000000004, 9.180250000000058)
584;Scaldasole 3/A;SI;Via;Scaldasole ;3/A;MILANO;20123;1;6;PORTA TICINESE - CONCA DEL NAVIGLIO;9.179620000000057;45.45438000000007;(45.45438000000007, 9.179620000000057)
585;Custodi 13;SI;Via;Custodi;13;MILANO;20136;5;6;PORTA TICINESE - CONCA DEL NAVIGLIO;9.18276000000003;45.449220000000025;(45.449220000000025, 9.18276000000003)
586;D'Annunzio 15;SI;Via;Gabriele d'Annunzio;15;MILANO;20123;1;6;PORTA TICINESE - CONCA DEL NAVIGLIO;9.176230000000032;45.45416000000006;(45.45416000000006, 9.176230000000032)
587;Vico 18;SI;Via;G.B.Vico;18;MILANO;20123;1;7;MAGENTA - S. VITTORE;9.169480000000021;45.46123000000006;(45.46123000000006, 9.169480000000021)
588;via Azario 3;SI;Via;Azario;3;MILANO;20123;1;7;MAGENTA - S. VITTORE;9.168350000000032;45.46008000000006;(45.46008000000006, 9.168350000000032)
589;via Azario 3;SI;Via;Azario;3;MILANO;20123;1;7;MAGENTA - S. VITTORE;9.168130000000076;45.46027000000004;(45.46027000000004, 9.168130000000076)
590;Brivio 4;SI;Via;Brivio;4;MILANO;20158;9;79;DERGANO;9.177860000000067;45.503730000000076;(45.503730000000076, 9.177860000000067)
591;Brivio 4;SI;Via;Brivio;4;MILANO;20158;9;79;DERGANO;9.177490000000034;45.50392000000005;(45.50392000000005, 9.177490000000034)
592;Brivio 4;SI;Via;Brivio;4;MILANO;20158;9;79;DERGANO;9.177160000000072;45.50332000000003;(45.50332000000003, 9.177160000000072)
593;Bernardino da Novate 4;SI;Via;Bernardino da Novate;4;MILANO;20161;9;82;COMASINA;9.166760000000068;45.52502000000004;(45.52502000000004, 9.166760000000068)
594;Bovisasca 173;SI;Via;Bovisasca;173;MILANO;20157;9;81;BOVISASCA;9.155590000000075;45.51625000000007;(45.51625000000007, 9.155590000000075)
595;Satta 23;SI;Via;Satta;23;MILANO;20157;8;76;QUARTO OGGIARO - VIALBA - MUSOCCO;9.145020000000045;45.51833000000005;(45.51833000000005, 9.145020000000045)
596;Val Trompia 45/A;SI;Via;Val Trompia ;45/A;MILANO;20157;8;76;QUARTO OGGIARO - VIALBA - MUSOCCO;9.134580000000028;45.51926000000003;(45.51926000000003, 9.134580000000028)
597;Val Trompia 45/A;SI;Via;Val Trompia ;45/A;MILANO;20157;8;76;QUARTO OGGIARO - VIALBA - MUSOCCO;9.134490000000028;45.519780000000026;(45.519780000000026, 9.134490000000028)
598;Carbonia 12;SI;Via;Carbonia;12;MILANO;20157;8;76;QUARTO OGGIARO - VIALBA - MUSOCCO;9.130510000000072;45.51585000000006;(45.51585000000006, 9.130510000000072)
599;Aldini 72;SI;Via;Aldini;72;MILANO;20157;8;76;QUARTO OGGIARO - VIALBA - MUSOCCO;9.131600000000049;45.511700000000076;(45.511700000000076, 9.131600000000049)
600;Ospedale Sacco - Grassi Giovanni Battista 74;SI;Via;Giovanni Grassi;74;MILANO;20157;8;74;ROSERIO;9.120650000000069;45.51879000000008;(45.51879000000008, 9.120650000000069)
601;Ferrario Grugnola 3;SI;Via;Ferrario Grugnola;3;MILANO;20156;8;71;VILLAPIZZONE - CAGNOLA - BOLDINASCO;9.147340000000042;45.499250000000075;(45.499250000000075, 9.147340000000042)
602;Ferrario Grugnola 3;SI;Via;Ferrario Grugnola;3;MILANO;20156;8;71;VILLAPIZZONE - CAGNOLA - BOLDINASCO;9.147770000000037;45.499250000000075;(45.499250000000075, 9.147770000000037)
603;Ferrario Grugnola 3;SI;Via;Ferrario Grugnola;3;MILANO;20156;8;71;VILLAPIZZONE - CAGNOLA - BOLDINASCO;9.147530000000074;45.49938000000003;(45.49938000000003, 9.147530000000074)
604;Pecetta 29;SI;Via;Pecetta;29;MILANO;20155;8;70;GHISOLFA;9.16124000000002;45.49494000000004;(45.49494000000004, 9.16124000000002)
605;Pecetta 29;SI;Via;Pecetta;29;MILANO;20155;8;70;GHISOLFA;9.161250000000052;45.49538000000007;(45.49538000000007, 9.161250000000052)
606;Accursio 5;SI;Piazzale;Francesco Accursio;5;MILANO;20151;8;71;VILLAPIZZONE - CAGNOLA - BOLDINASCO;9.146480000000054;45.49151000000006;(45.49151000000006, 9.146480000000054)
607;Accursio 5;SI;Piazzale;Francesco Accursio;5;MILANO;20151;8;71;VILLAPIZZONE - CAGNOLA - BOLDINASCO;9.146120000000053;45.49169000000006;(45.49169000000006, 9.146120000000053)
608;Accursio 5;SI;Piazzale;Francesco Accursio;5;MILANO;20149;8;71;VILLAPIZZONE - CAGNOLA - BOLDINASCO;9.146400000000028;45.49109000000004;(45.49109000000004, 9.146400000000028)
609;Accursio 5;SI;Piazzale;Francesco Accursio;5;MILANO;20149;8;71;VILLAPIZZONE - CAGNOLA - BOLDINASCO;9.146300000000053;45.49111000000005;(45.49111000000005, 9.146300000000053)
610;Piazzale Accursio;SI;Viale;Certosa;79;MILANO;20151;8;71;VILLAPIZZONE - CAGNOLA - BOLDINASCO;9.145780000000059;45.49240000000003;(45.49240000000003, 9.145780000000059)
611;Piazzale Accursio;SI;Piazzale;Francesco Accursio;;MILANO;20156;8;71;VILLAPIZZONE - CAGNOLA - BOLDINASCO;9.146650000000022;45.492620000000045;(45.492620000000045, 9.146650000000022)
612;Messina 53;SI;Via;Messina;53;MILANO;20154;8;70;GHISOLFA;9.17136000000005;45.48869000000008;(45.48869000000008, 9.17136000000005)
613;Via Procaccini 4;SI;Via;Giulio Cesare Procaccini;4;MILANO;20154;8;69;SARPI;9.175170000000037;45.484120000000075;(45.484120000000075, 9.175170000000037)
614;Via Procaccini 4;SI;Via;Giulio Cesare Procaccini;4;MILANO;20154;8;69;SARPI;9.175250000000062;45.483970000000056;(45.483970000000056, 9.175250000000062)
615;Taverna Gruppo Cinofili;SI;Via;Privata Taverna;;MILANO;20134;4;24;PARCO FORLANINI - CAVRIANO;9.254300000000057;45.46464000000003;(45.46464000000003, 9.254300000000057)
616;Aquila 81;SI;Via;Privata Aquila;81;MILANO;20134;4;24;PARCO FORLANINI - CAVRIANO;9.248900000000049;45.464330000000075;(45.464330000000075, 9.248900000000049)
617;Valvassori Peroni 56;SI;Via;Valvassori Peroni;56;MILANO;20133;3;22;CITTA' STUDI;9.236980000000074;45.479640000000074;(45.479640000000074, 9.236980000000074)
618;Valvassori Peroni 56;SI;Via;Valvassori Peroni;56;MILANO;20133;3;22;CITTA' STUDI;9.237610000000075;45.47963000000004;(45.47963000000004, 9.237610000000075)
619;Tommaso Pini 1;SI;Via;Tommaso Pini;1;MILANO;20134;3;23;LAMBRATE - ORTICA;9.240320000000054;45.48472000000004;(45.48472000000004, 9.240320000000054)
620;Piazza Caduti e dispersi in Russia 1;SI;Piazza;Caduti e Dispersi in Russia;1;MILANO;20134;3;18;CIMIANO - ROTTOLE - Q.RE FELTRE;9.257290000000069;45.48941000000008;(45.48941000000008, 9.257290000000069)
621;Piazza Caduti e dispersi in Russia 1;SI;Piazza;Caduti e Dispersi in Russia;1;MILANO;20134;3;18;CIMIANO - ROTTOLE - Q.RE FELTRE;9.255510000000072;45.49012000000005;(45.49012000000005, 9.255510000000072)
622;Piazza Caduti e dispersi in Russia 1;SI;Piazza;Caduti e Dispersi in Russia;1;MILANO;20134;3;18;CIMIANO - ROTTOLE - Q.RE FELTRE;9.255220000000065;45.48996000000005;(45.48996000000005, 9.255220000000065)
624;Ponzio 35;SI;Via;Ponzio ;35;MILANO;20133;3;22;CITTA' STUDI;9.229310000000055;45.48096000000004;(45.48096000000004, 9.229310000000055)
625;Ponzio 35;SI;Via;Ponzio ;35;MILANO;20133;3;22;CITTA' STUDI;9.229780000000062;45.480720000000076;(45.480720000000076, 9.229780000000062)
626;Piccinni 8;SI;Via;Piccinni;8;MILANO;20131;3;21;BUENOS AIRES - PORTA VENEZIA - PORTA MONFORTE;9.214980000000025;45.48260000000005;(45.48260000000005, 9.214980000000025)
627;Piccinni 8;SI;Via;Piccinni;8;MILANO;20131;3;21;BUENOS AIRES - PORTA VENEZIA - PORTA MONFORTE;9.215270000000032;45.48272000000003;(45.48272000000003, 9.215270000000032)
628;Ponzio 1;SI;Via;Ponzio ;1;MILANO;20133;3;22;CITTA' STUDI;9.229890000000069;45.47436000000005;(45.47436000000005, 9.229890000000069)
629;Colleoni 8;SI;Via;Colleoni;8;MILANO;20149;8;67;PORTELLO;9.154170000000022;45.483280000000036;(45.483280000000036, 9.154170000000022)
630;Colleoni 8;SI;Via;Colleoni;8;MILANO;20149;8;67;PORTELLO;9.153890000000047;45.48303000000004;(45.48303000000004, 9.153890000000047)
631;Colleoni 8;SI;Via;Colleoni;8;MILANO;20149;8;67;PORTELLO;9.154790000000048;45.483760000000075;(45.483760000000075, 9.154790000000048)
635;Lampugnano 145;SI;Via;Lampugnano ;145;MILANO;20151;8;65;Q.RE GALLARATESE - Q.RE SAN LEONARDO - LAMPUGNANO;9.10552000000007;45.49213000000003;(45.49213000000003, 9.10552000000007)
636;Lampugnano 145;SI;Via;Lampugnano ;145;MILANO;20151;8;65;Q.RE GALLARATESE - Q.RE SAN LEONARDO - LAMPUGNANO;9.106090000000052;45.49206000000004;(45.49206000000004, 9.106090000000052)
637;Ojetti 20;SI;Via;Ojetti;20;MILANO;20151;8;65;Q.RE GALLARATESE - Q.RE SAN LEONARDO - LAMPUGNANO;9.112790000000075;45.49459000000007;(45.49459000000007, 9.112790000000075)
638;Ojetti 20;SI;Via;Ojetti;20;MILANO;20151;8;65;Q.RE GALLARATESE - Q.RE SAN LEONARDO - LAMPUGNANO;9.11271000000005;45.49404000000004;(45.49404000000004, 9.11271000000005)
639;Ojetti 20;SI;Via;Ojetti;20;MILANO;20151;8;65;Q.RE GALLARATESE - Q.RE SAN LEONARDO - LAMPUGNANO;9.112610000000075;45.49416000000008;(45.49416000000008, 9.112610000000075)
640;Quarenghi 21;SI;Via;Quarenghi;21;MILANO;20151;8;65;Q.RE GALLARATESE - Q.RE SAN LEONARDO - LAMPUGNANO;9.115200000000073;45.49615000000006;(45.49615000000006, 9.115200000000073)
641;Quarenghi 21;SI;Via;Quarenghi;21;MILANO;20151;8;65;Q.RE GALLARATESE - Q.RE SAN LEONARDO - LAMPUGNANO;9.115000000000066;45.49581000000006;(45.49581000000006, 9.115000000000066)
642;Quarenghi 12;SI;Via;Quarenghi;12;MILANO;20151;8;65;Q.RE GALLARATESE - Q.RE SAN LEONARDO - LAMPUGNANO;9.12008000000003;45.49450000000007;(45.49450000000007, 9.12008000000003)
643;Quarenghi 12;SI;Via;Quarenghi;12;MILANO;20151;8;65;Q.RE GALLARATESE - Q.RE SAN LEONARDO - LAMPUGNANO;9.119520000000023;45.494770000000074;(45.494770000000074, 9.119520000000023)
644;Cimitero Maggiore;SI;Piazzale;Cimitero Maggiore;17;MILANO;20156;8;72;MAGGIORE - MUSOCCO - CERTOSA;9.12104000000005;45.503900000000044;(45.503900000000044, 9.12104000000005)
645;Cimitero Maggiore;SI;Piazzale;Cimitero Maggiore;17;MILANO;20156;8;72;MAGGIORE - MUSOCCO - CERTOSA;9.12101000000007;45.503990000000044;(45.503990000000044, 9.12101000000007)
646;Appennini 147/A;SI;Via;Appennini;147/A;MILANO;20151;8;65;Q.RE GALLARATESE - Q.RE SAN LEONARDO - LAMPUGNANO;9.10116000000005;45.504530000000045;(45.504530000000045, 9.10116000000005)
647;Ferdinando Giorgi 31;SI;Via;Ferdinando Giorgi;31;MILANO;20151;8;64;TRENNO;9.104090000000042;45.490530000000035;(45.490530000000035, 9.104090000000042)
648;Lamennais 21;SI;Via;Lamennais;21;MILANO;20153;7;61;QUARTO CAGNINO;9.112640000000056;45.47363000000007;(45.47363000000007, 9.112640000000056)
649;Albenga 2;SI;Via;Albenga;2;MILANO;20153;7;60;STADIO - IPPODROMI;9.119940000000042;45.47401000000008;(45.47401000000008, 9.119940000000042)
650;Albenga 2;SI;Via;Albenga;2;MILANO;20153;7;60;STADIO - IPPODROMI;9.119540000000029;45.47428000000008;(45.47428000000008, 9.119540000000029)
651;Pio II;SI;Via;Pio II;3;MILANO;20153;7;56;FORZE ARMATE;9.113990000000058;45.46930000000003;(45.46930000000003, 9.113990000000058)
652;Forze Armate 212;SI;Viale;delle Forze Armate;212;MILANO;20152;7;56;FORZE ARMATE;9.112310000000036;45.460560000000044;(45.460560000000044, 9.112310000000036)
653;Forze Armate 212;SI;Viale;delle Forze Armate;212;MILANO;20152;7;56;FORZE ARMATE;9.112680000000069;45.460570000000075;(45.460570000000075, 9.112680000000069)
654;Piazzale Segesta 11;SI;Piazzale;Segesta;11;MILANO;20148;7;60;STADIO - IPPODROMI;9.136960000000045;45.47574000000003;(45.47574000000003, 9.136960000000045)
655;Piazzale Segesta 11;SI;Piazzale;Segesta;11;MILANO;20148;7;60;STADIO - IPPODROMI;9.136580000000038;45.47589000000005;(45.47589000000005, 9.136580000000038)
657;Pistoia 10;SI;Via;Pistoia ;10;MILANO;20153;7;55;BAGGIO - Q.RE DEGLI OLMI - Q.RE VALSESIA;9.09006000000005;45.46335000000005;(45.46335000000005, 9.09006000000005)
658;Pistoia 10;SI;Via;Pistoia ;10;MILANO;20153;7;55;BAGGIO - Q.RE DEGLI OLMI - Q.RE VALSESIA;9.090490000000045;45.46300000000008;(45.46300000000008, 9.090490000000045)
659;Pistoia 10;SI;Via;Pistoia ;10;MILANO;20153;7;55;BAGGIO - Q.RE DEGLI OLMI - Q.RE VALSESIA;9.090670000000046;45.46336000000008;(45.46336000000008, 9.090670000000046)
660;Pistoia 10;SI;Via;Pistoia ;10;MILANO;20153;7;55;BAGGIO - Q.RE DEGLI OLMI - Q.RE VALSESIA;9.090370000000064;45.463700000000074;(45.463700000000074, 9.090370000000064)
661;Piazza Stovani 3;SI;Piazza;Stovani;3;MILANO;20152;7;55;BAGGIO - Q.RE DEGLI OLMI - Q.RE VALSESIA;9.092440000000067;45.460510000000056;(45.460510000000056, 9.092440000000067)
662;Amantea SNC;SI;Via;Amantea;;MILANO;20153;7;55;BAGGIO - Q.RE DEGLI OLMI - Q.RE VALSESIA;9.085000000000036;45.46422000000007;(45.46422000000007, 9.085000000000036)
663;Noale 1;SI;Via;Noale;1;MILANO;20152;7;55;BAGGIO - Q.RE DEGLI OLMI - Q.RE VALSESIA;9.084280000000035;45.45918000000006;(45.45918000000006, 9.084280000000035)
664;Delle Betulle 39;SI;Via;delle Betulle;39;MILANO;20152;7;55;BAGGIO - Q.RE DEGLI OLMI - Q.RE VALSESIA;9.078230000000076;45.45404000000008;(45.45404000000008, 9.078230000000076)
665;Delle Betulle 39;SI;Via;delle Betulle;39;MILANO;20152;7;55;BAGGIO - Q.RE DEGLI OLMI - Q.RE VALSESIA;9.078760000000045;45.45431000000008;(45.45431000000008, 9.078760000000045)
666;Legioni Romane 54;SI;Viale;Legioni Romane;54;MILANO;20147;6;56;FORZE ARMATE;9.12787000000003;45.45962000000003;(45.45962000000003, 9.12787000000003)
667;Legioni Romane 54;SI;Viale;Legioni Romane;54;MILANO;20147;6;56;FORZE ARMATE;9.127900000000068;45.459760000000074;(45.459760000000074, 9.127900000000068)
668;Legioni Romane 54;SI;Viale;Legioni Romane;54;MILANO;20147;6;56;FORZE ARMATE;9.127740000000074;45.459880000000055;(45.459880000000055, 9.127740000000074)
670;Bergognone 30;SI;Via;Bergonone;30;MILANO;20144;6;50;PORTA GENOVA;9.164830000000052;45.452540000000056;(45.452540000000056, 9.164830000000052)
671;Bergognone 30;SI;Via;Bergonone;30;MILANO;20144;6;50;PORTA GENOVA;9.161420000000021;45.45347000000004;(45.45347000000004, 9.161420000000021)
672;Via Savona 99;SI;Via;Savona;99;MILANO;20146;6;49;GIAMBELLINO;9.151650000000075;45.449560000000076;(45.449560000000076, 9.151650000000075)
673;Via Savona 99;SI;Via;Savona;99;MILANO;20146;6;49;GIAMBELLINO;9.151650000000075;45.449560000000076;(45.449560000000076, 9.151650000000075)
674;Via Savona 99;SI;Via;Savona;99;MILANO;20144;6;49;GIAMBELLINO;9.151320000000055;45.45011000000005;(45.45011000000005, 9.151320000000055)
675;Odazio 9;SI;Via;Odazio;9;MILANO;20147;6;49;GIAMBELLINO;9.134600000000034;45.44759000000005;(45.44759000000005, 9.134600000000034)
676;Odazio 9;SI;Via;Odazio;9;MILANO;20147;6;49;GIAMBELLINO;9.134370000000047;45.44772000000006;(45.44772000000006, 9.134370000000047)
677;largo Giambellino e Giardini Odazio;SI;Largo;Giambellino;;MILANO;20147;6;49;GIAMBELLINO;9.134370000000047;45.44772000000006;(45.44772000000006, 9.134370000000047)
679;Fra Cristoforo 6;SI;Via;Fra Cristoforo;6;MILANO;20142;5;42;STADERA - CHIESA ROSSA - Q.RE TORRETTA - CONCA FALLATA;9.17109000000005;45.43634000000003;(45.43634000000003, 9.17109000000005)
680;Fra Cristoforo 6;SI;Via;Fra Cristoforo;6;MILANO;20142;5;42;STADERA - CHIESA ROSSA - Q.RE TORRETTA - CONCA FALLATA;9.17205000000007;45.43619000000007;(45.43619000000007, 9.17205000000007)
681;Don Luigi Orione 19;SI;Viale;Don Luigi Orione;19;MILANO;20132;3;18;CIMIANO - ROTTOLE - Q.RE FELTRE;9.248330000000067;45.50463000000008;(45.50463000000008, 9.248330000000067)
682;Tarabella 4;SI;Via ;Tarabella;4;MILANO;20132;2;19;PADOVA - TURRO - CRESCENZAGO;9.23422000000005;45.49617000000006;(45.49617000000006, 9.23422000000005)
683;Padova 118;SI;Via;Padova;118;MILANO;20132;2;19;PADOVA - TURRO - CRESCENZAGO;9.230800000000045;45.49642000000006;(45.49642000000006, 9.230800000000045)
684;Padova 118;SI;Via;Padova;118;MILANO;20132;2;19;PADOVA - TURRO - CRESCENZAGO;9.23061000000007;45.496530000000064;(45.496530000000064, 9.23061000000007)
685;Padova 118;SI;Via;Padova;118;MILANO;20132;2;19;PADOVA - TURRO - CRESCENZAGO;9.230940000000032;45.49667000000005;(45.49667000000005, 9.230940000000032)
686;Olgettina 60;SI;Via ;Fratelli Vigorelli;1;SEGRATE;;;;;9.265760000000057;45.50406000000004;(45.50406000000004, 9.265760000000057)
687;Trasimeno 41;SI;Via;Privata Trasimeno;41;MILANO;20128;2;17;ADRIANO;9.249140000000068;45.514680000000055;(45.514680000000055, 9.249140000000068)
688;S.Arialdo - Cimitero Chiaravalle;SI;Via;Sant'Arialdo;;MILANO;20139;5;85;PARCO DELLE ABBAZIE;9.229570000000024;45.41255000000007;(45.41255000000007, 9.229570000000024)
689;Cimarosa Domenico 1;SI;Via;Cimarosa Domenico;1;MILANO;20144;7;51;PORTA MAGENTA;9.158890000000042;45.46620000000007;(45.46620000000007, 9.158890000000042)
690;Cimarosa Domenico 1;SI;Via;Cimarosa Domenico;1;MILANO;20144;7;51;PORTA MAGENTA;9.158870000000036;45.46575000000007;(45.46575000000007, 9.158870000000036)
691;Sacco 14;SI;Via;Sacco;14;MILANO;20146;7;51;PORTA MAGENTA;9.152040000000056;45.465050000000076;(45.465050000000076, 9.152040000000056)
692;Sacco 14;SI;Via;Sacco;14;MILANO;20146;7;51;PORTA MAGENTA;9.152060000000063;45.46481000000006;(45.46481000000006, 9.152060000000063)
693;Sacco 14;SI;Via;Sacco;14;MILANO;20146;7;51;PORTA MAGENTA;9.152330000000063;45.464710000000025;(45.464710000000025, 9.152330000000063)
694;Alemagna 14;SI;Viale;Alemagna Emilio;14;MILANO;20121;1;8;PARCO SEMPIONE;9.172350000000051;45.473370000000045;(45.473370000000045, 9.172350000000051)
695;Romana 116;SI;Corso;di Porta Romana;116;MILANO;20122;1;5;PORTA VIGENTINA - PORTA LODOVICA;9.197380000000067;45.45396000000005;(45.45396000000005, 9.197380000000067)
696;Sforza 28 (Policlinico);SI;Via;Sforza;28;MILANO;20122;1;4;GUASTALLA;9.19613000000004;45.45941000000005;(45.45941000000005, 9.19613000000004)
697;Fiamma Galvano 7;SI;Via;Fiamma Galvano;7;MILANO;20129;4;26;XXII MARZO;9.211420000000032;45.46333000000004;(45.46333000000004, 9.211420000000032)
698;XXII Marzo 16;SI;Corso;XXII Marzo;16;MILANO;20129;4;26;XXII MARZO;9.21040000000005;45.46237000000008;(45.46237000000008, 9.21040000000005)
699;XXII Marzo 16;SI;Via;Emilio Morosini;8;MILANO;20135;4;26;XXII MARZO;9.21145000000007;45.462060000000065;(45.462060000000065, 9.21145000000007)
700;Friuli 30;SI;Via;Friuli;30;MILANO;20135;4;27;PTA ROMANA;9.212230000000034;45.45170000000007;(45.45170000000007, 9.212230000000034)
701;Friuli 30;SI;Via;Friuli;30;MILANO;20135;4;27;PTA ROMANA;9.211930000000052;45.45261000000005;(45.45261000000005, 9.211930000000052)
702;Friuli 30;SI;Via;Friuli;30;MILANO;20135;4;27;PTA ROMANA;9.212230000000034;45.45170000000007;(45.45170000000007, 9.212230000000034)
703;Lombroso 54;SI;Via;Cesare Lombroso ;54;MILANO;20137;4;29;ORTOMERCATO;9.231100000000026;45.44868000000008;(45.44868000000008, 9.231100000000026)
704;Dei Cinquecento 19;SI;Via;Dei Cinquecento;19;MILANO;20139;4;35;LODI - CORVETTO;9.220120000000065;45.43497000000008;(45.43497000000008, 9.220120000000065)
705;Panigarola 14;SI;Via;dei Panigarola;14;MILANO;20139;4;35;LODI - CORVETTO;9.22207000000003;45.43622000000005;(45.43622000000005, 9.22207000000003)
706;Panigarola 14;SI;Via;dei Panigarola;14;MILANO;20139;4;35;LODI - CORVETTO;9.222030000000075;45.43482000000006;(45.43482000000006, 9.222030000000075)
707;Panigarola 14;SI;Via;dei Panigarola;14;MILANO;20139;4;35;LODI - CORVETTO;9.221830000000068;45.43549000000007;(45.43549000000007, 9.221830000000068)
708;Oglio 18;SI;Via;Oglio;18;MILANO;20139;4;35;LODI - CORVETTO;9.217840000000024;45.44037000000003;(45.44037000000003, 9.217840000000024)
709;Domenico Savio 3;SI;Via;Domenico Savio;3;MILANO;20141;5;42;STADERA - CHIESA ROSSA - Q.RE TORRETTA - CONCA FALLATA;9.174760000000049;45.430750000000046;(45.430750000000046, 9.174760000000049)
710;Domenico Savio 3;SI;Via;Domenico Savio;3;MILANO;20141;5;42;STADERA - CHIESA ROSSA - Q.RE TORRETTA - CONCA FALLATA;9.173410000000047;45.430540000000065;(45.430540000000065, 9.173410000000047)
711;Domenico Savio 3;SI;Via;Domenico Savio;3;MILANO;20141;5;42;STADERA - CHIESA ROSSA - Q.RE TORRETTA - CONCA FALLATA;9.174300000000073;45.430540000000065;(45.430540000000065, 9.174300000000073)
712;Boifava 17;SI;Via;Boifava;17;MILANO;20142;5;42;STADERA - CHIESA ROSSA - Q.RE TORRETTA - CONCA FALLATA;9.175040000000024;45.427410000000066;(45.427410000000066, 9.175040000000024)
713;Saponaro 30;SI;Via;Saponaro;30;MILANO;20142;5;41;GRATOSOGLIO - Q.RE MISSAGLIA - Q.RE TERRAZZE;9.173170000000027;45.40677000000005;(45.40677000000005, 9.173170000000027)
714;S.Paolino 4;SI;Via;San Paolino;4;MILANO;20142;6;46;BARONA;9.162990000000036;45.43092000000007;(45.43092000000007, 9.162990000000036)
715;S.Paolino 4;SI;Via;San Paolino;4;MILANO;20142;6;46;BARONA;9.163530000000037;45.43149000000005;(45.43149000000005, 9.163530000000037)
716;S.Paolino 4;SI;Via;San Paolino;4;MILANO;20142;6;46;BARONA;9.16315000000003;45.43165000000005;(45.43165000000005, 9.16315000000003)
717;S.Paolino 4;SI;Via;San Paolino;4;MILANO;20142;6;46;BARONA;9.16279000000003;45.43148000000008;(45.43148000000008, 9.16279000000003)
718;Di Rudini 3;SI;Via;Di Rudinì;3;MILANO;20142;6;46;BARONA;9.158440000000041;45.43316000000004;(45.43316000000004, 9.158440000000041)
721;Boffalora 116;SI;Via;Boffalora;116;MILANO;20142;6;46;BARONA;9.149950000000047;45.43287000000004;(45.43287000000004, 9.149950000000047)
722;Boffalora 116;SI;Via;Boffalora;116;MILANO;20142;6;46;BARONA;9.149860000000047;45.432330000000036;(45.432330000000036, 9.149860000000047)
723;Boffalora 109;SI;Via;Boffalora;109;MILANO;20142;6;46;BARONA;9.14933000000002;45.43249000000003;(45.43249000000003, 9.14933000000002)
724;Frisi Paolo 1;SI;Via;Frisi Paolo;1;MILANO;20129;3;21;BUENOS AIRES - PORTA VENEZIA - PORTA MONFORTE;9.208230000000071;45.47482000000008;(45.47482000000008, 9.208230000000071)
725;Palestro 12;SI;Via;Palestro;12;MILANO;20121;1;4;GUASTALLA;9.198690000000056;45.47290000000004;(45.47290000000004, 9.198690000000056)
726;Manin 2A;SI;Via;Manin;2/A;MILANO;20121;1;3;GIARDINI P.TA VENEZIA;9.196880000000021;45.47398000000004;(45.47398000000004, 9.196880000000021)
727;Manin 2A;SI;Via;Manin;2/A;MILANO;20121;1;3;GIARDINI P.TA VENEZIA;9.196880000000021;45.47427000000005;(45.47427000000005, 9.196880000000021)
728;Degli Angioli 1;SI;Via;Degli Angioli;2;MILANO;20121;1;2;BRERA;9.183010000000024;45.473130000000026;(45.473130000000026, 9.183010000000024)
729;Giusti Giuseppe 42;SI;Via;Giusti Giuseppe;42;MILANO;20154;1;69;SARPI;9.172950000000071;45.47959000000003;(45.47959000000003, 9.172950000000071)
730;Foscolo;SI;Piazza;Della Scala;2;MILANO;20121;1;1;DUOMO;9.191340000000025;45.46611000000007;(45.46611000000007, 9.191340000000025)
731;Ciro Fontana 3;SI;Via;Ciro Fontana;3;MILANO;20121;1;1;DUOMO;9.189980000000048;45.46629000000007;(45.46629000000007, 9.189980000000048)
732;Ciro Fontana 3;SI;Via;Ciro Fontana;3;MILANO;20121;1;1;DUOMO;9.191340000000025;45.46611000000007;(45.46611000000007, 9.191340000000025)
738;Navigli;SI;Corso ;Porta Ticinese;40;MILANO;20123;1;6;PORTA TICINESE - CONCA DEL NAVIGLIO;9.180960000000027;45.45729000000006;(45.45729000000006, 9.180960000000027)
744;Navigli;SI;Via;Alzaia Naviglio Grande;22;MILANO;20144;6;44;PORTA TICINESE - CONCHETTA;9.17426000000006;45.45177000000007;(45.45177000000007, 9.17426000000006)
745;Navigli;SI;Via;Pioppette;4;MILANO;20123;1;1;DUOMO;9.181010000000072;45.45780000000008;(45.45780000000008, 9.181010000000072)
746;Navigli;SI;Corso;Porta Ticinese;1;MILANO;20123;1;1;DUOMO;9.181040000000053;45.460590000000025;(45.460590000000025, 9.181040000000053)
748;Navigli;SI;Via;Gabriele D'Annunzio;15;MILANO;20123;1;6;PORTA TICINESE - CONCA DEL NAVIGLIO;9.176190000000076;45.45413000000008;(45.45413000000008, 9.176190000000076)
752;Navigli;SI;Piazzale;Stazione Genova;1;MILANO;20144;6;44;PORTA TICINESE - CONCHETTA;9.169900000000041;45.45301000000006;(45.45301000000006, 9.169900000000041)
755;Navigli;SI;Via;Vigevano;19;MILANO;20144;6;44;PORTA TICINESE - CONCHETTA;9.173830000000066;45.452950000000044;(45.452950000000044, 9.173830000000066)
758;Navigli;SI;Via;Alzaia Naviglio Grande;22;MILANO;20144;6;44;PORTA TICINESE - CONCHETTA;9.174290000000042;45.45177000000007;(45.45177000000007, 9.174290000000042)
761;Navigli;SI;Via;Alzaia Naviglio Grande;;MILANO;20144;6;44;PORTA TICINESE - CONCHETTA;9.168010000000038;45.45044000000007;(45.45044000000007, 9.168010000000038)
763;Navigli;SI;Via;Alzaia Naviglio Pavese;16;MILANO;20143;6;6;PORTA TICINESE - CONCA DEL NAVIGLIO;9.177560000000028;45.44993000000005;(45.44993000000005, 9.177560000000028)
769;Navigli;SI;Via;Pavia;1;MILANO;20136;5;6;PORTA TICINESE - CONCA DEL NAVIGLIO;9.179500000000075;45.44732000000005;(45.44732000000005, 9.179500000000075)
770;Navigli;SI;Corso;Porta Ticinese;22;MILANO;20123;1;1;DUOMO;9.180980000000034;45.45854000000003;(45.45854000000003, 9.180980000000034)
772;Navigli;SI;Via;Giosuè Borsi ;2;MILANO;20143;6;44;PORTA TICINESE - CONCHETTA;9.176850000000059;45.44757000000004;(45.44757000000004, 9.176850000000059)
775;Navigli;SI;Via;Alzaia Naviglio Grande;2;MILANO;20144;6;44;PORTA TICINESE - CONCHETTA;9.176870000000065;45.452330000000075;(45.452330000000075, 9.176870000000065)
812;Don Carlo San Martino;SI;Via;Don Carlo San Martino;10;MILANO;20133;4;25;CORSICA;9.235280000000046;45.46801000000005;(45.46801000000005, 9.235280000000046)
825;Corso Como;SI;Largo;La Foppa;2;MILANO;20121;1;2;BRERA;9.18476000000004;45.47802000000007;(45.47802000000007, 9.18476000000004)
826;Corso Como;SI;Viale;Luigi Sturzo;;MILANO;20154;9;9;PORTA GARIBALDI - PORTA NUOVA;9.187760000000026;45.48369000000008;(45.48369000000008, 9.187760000000026)
831;Giardini Gregor Mendel;SI;Via;Restelli;24;MILANO;20124;2;11;ISOLA;9.197760000000073;45.49031000000008;(45.49031000000008, 9.197760000000073)
832;Giardini Aldo Protti;SI;Via;Restelli;39;MILANO;20124;2;12;MACIACHINI - MAGGIOLINA;9.198130000000049;45.49123000000003;(45.49123000000003, 9.198130000000049)
833;Giardini Aldo Protti;SI;Viale;Sondrio;2;MILANO;20124;2;12;MACIACHINI - MAGGIOLINA;9.201020000000028;45.48983000000004;(45.48983000000004, 9.201020000000028)
841;Piazza duca d'aosta;SI;Piazza;Duca d'Aosta;;MILANO;20124;2;10;STAZIONE CENTRALE - PONTE SEVESO;9.203630000000032;45.48398000000003;(45.48398000000003, 9.203630000000032)
847;Piazzale Maciachini;SI;Piazza;Maciachini;;MILANO;20159;9;12;MACIACHINI - MAGGIOLINA;9.187110000000075;45.49830000000003;(45.49830000000003, 9.187110000000075)
933;Centro accoglienza Corelli;SI;Via;Corelli;;MILANO;;;;;;;
